Linux 6.17.0-29-generic (enes-erkmen-DT) 	05/31/2026 	_x86_64_	(12 CPU)

10:24:45 AM  CPU    %usr   %nice    %sys %iowait    %irq   %soft  %steal  %guest  %gnice   %idle
10:24:47 AM  all    9.81    0.00    0.38    0.08    0.00    0.00    0.00    0.00    0.00   89.73
10:24:47 AM    0   60.50    0.00    0.50    0.00    0.00    0.00    0.00    0.00    0.00   39.00
10:24:47 AM    1    2.49    0.00    0.50    0.50    0.00    0.00    0.00    0.00    0.00   96.52
10:24:47 AM    2   10.50    0.00    0.50    0.00    0.00    0.00    0.00    0.00    0.00   89.00
10:24:47 AM    3    1.52    0.00    0.00    0.00    0.00    0.00    0.00    0.00    0.00   98.48
10:24:47 AM    4   28.50    0.00    0.50    0.00    0.00    0.00    0.00    0.00    0.00   71.00
10:24:47 AM    5    3.00    0.00    0.00    0.50    0.00    0.00    0.00    0.00    0.00   96.50
10:24:47 AM    6    2.54    0.00    0.51    0.00    0.00    0.00    0.00    0.00    0.00   96.95
10:24:47 AM    7    0.50    0.00    0.00    0.00    0.00    0.00    0.00    0.00    0.00   99.50
10:24:47 AM    8    2.00    0.00    0.50    0.00    0.00    0.00    0.00    0.00    0.00   97.50
10:24:47 AM    9    2.00    0.00    0.50    0.00    0.00    0.00    0.00    0.00    0.00   97.50
10:24:47 AM   10    3.50    0.00    0.50    0.00    0.00    0.00    0.00    0.00    0.00   96.00
10:24:47 AM   11    0.50    0.00    0.50    0.00    0.00    0.00    0.00    0.00    0.00   98.99

10:24:47 AM  CPU    %usr   %nice    %sys %iowait    %irq   %soft  %steal  %guest  %gnice   %idle
10:24:49 AM  all    8.74    0.00    0.04    0.04    0.00    0.00    0.00    0.00    0.00   91.18
10:24:49 AM    0    6.03    0.00    0.00    0.00    0.00    0.00    0.00    0.00    0.00   93.97
10:24:49 AM    1    1.01    0.00    0.00    0.00    0.00    0.00    0.00    0.00    0.00   98.99
10:24:49 AM    2    2.00    0.00    0.00    0.00    0.00    0.00    0.00    0.00    0.00   98.00
10:24:49 AM    3    0.50    0.00    0.50    0.00    0.00    0.00    0.00    0.00    0.00   99.00
10:24:49 AM    4   91.96    0.00    0.00    0.00    0.00    0.00    0.00    0.00    0.00    8.04
10:24:49 AM    5    0.00    0.00    0.00    0.00    0.00    0.00    0.00    0.00    0.00  100.00
10:24:49 AM    6    2.04    0.00    0.00    0.00    0.00    0.00    0.00    0.00    0.00   97.96
10:24:49 AM    7    0.50    0.00    0.00    0.00    0.00    0.00    0.00    0.00    0.00   99.50
10:24:49 AM    8    0.50    0.00    0.00    0.00    0.00    0.00    0.00    0.00    0.00   99.50
10:24:49 AM    9    0.00    0.00    0.00    0.00    0.00    0.00    0.00    0.00    0.00  100.00
10:24:49 AM   10    0.50    0.00    0.00    0.00    0.00    0.00    0.00    0.00    0.00   99.50
10:24:49 AM   11    0.00    0.00    0.00    0.50    0.00    0.00    0.00    0.00    0.00   99.50

10:24:49 AM  CPU    %usr   %nice    %sys %iowait    %irq   %soft  %steal  %guest  %gnice   %idle
10:24:51 AM  all    8.94    0.00    0.08    0.00    0.00    0.00    0.00    0.00    0.00   90.98
10:24:51 AM    0   37.62    0.00    0.50    0.00    0.00    0.00    0.00    0.00    0.00   61.88
10:24:51 AM    1    0.50    0.00    0.00    0.00    0.00    0.00    0.00    0.00    0.00   99.50
10:24:51 AM    2    1.51    0.00    0.50    0.00    0.00    0.00    0.00    0.00    0.00   97.99
10:24:51 AM    3    0.50    0.00    0.00    0.00    0.00    0.00    0.00    0.00    0.00   99.50
10:24:51 AM    4   62.50    0.00    0.00    0.00    0.00    0.00    0.00    0.00    0.00   37.50
10:24:51 AM    5    1.00    0.00    0.00    0.00    0.00    0.00    0.00    0.00    0.00   99.00
10:24:51 AM    6    1.52    0.00    0.00    0.00    0.00    0.00    0.00    0.00    0.00   98.48
10:24:51 AM    7    0.00    0.00    0.00    0.00    0.00    0.00    0.00    0.00    0.00  100.00
10:24:51 AM    8    0.00    0.00    0.00    0.00    0.00    0.00    0.00    0.00    0.00  100.00
10:24:51 AM    9    0.50    0.00    0.00    0.00    0.00    0.00    0.00    0.00    0.00   99.50
10:24:51 AM   10    0.50    0.00    0.00    0.00    0.00    0.00    0.00    0.00    0.00   99.50
10:24:51 AM   11    0.50    0.00    0.00    0.00    0.00    0.00    0.00    0.00    0.00   99.50

10:24:51 AM  CPU    %usr   %nice    %sys %iowait    %irq   %soft  %steal  %guest  %gnice   %idle
10:24:53 AM  all    8.65    0.00    0.08    0.00    0.00    0.00    0.00    0.00    0.00   91.26
10:24:53 AM    0   42.21    0.00    0.00    0.00    0.00    0.00    0.00    0.00    0.00   57.79
10:24:53 AM    1    0.50    0.00    0.50    0.00    0.00    0.00    0.00    0.00    0.00   99.01
10:24:53 AM    2    1.51    0.00    0.00    0.00    0.00    0.00    0.00    0.00    0.00   98.49
10:24:53 AM    3    0.50    0.00    0.00    0.00    0.00    0.00    0.00    0.00    0.00   99.50
10:24:53 AM    4   53.50    0.00    0.00    0.00    0.00    0.00    0.00    0.00    0.00   46.50
10:24:53 AM    5    0.00    0.00    0.00    0.00    0.00    0.00    0.00    0.00    0.00  100.00
10:24:53 AM    6    0.51    0.00    0.00    0.00    0.00    0.00    0.00    0.00    0.00   99.49
10:24:53 AM    7    0.00    0.00    0.00    0.00    0.00    0.00    0.00    0.00    0.00  100.00
10:24:53 AM    8    0.00    0.00    0.00    0.00    0.00    0.00    0.00    0.00    0.00  100.00
10:24:53 AM    9    0.00    0.00    0.50    0.00    0.00    0.00    0.00    0.00    0.00   99.50
10:24:53 AM   10    5.03    0.00    0.00    0.00    0.00    0.00    0.00    0.00    0.00   94.97
10:24:53 AM   11    0.00    0.00    0.00    0.00    0.00    0.00    0.00    0.00    0.00  100.00

10:24:53 AM  CPU    %usr   %nice    %sys %iowait    %irq   %soft  %steal  %guest  %gnice   %idle
10:24:55 AM  all    9.53    0.00    0.08    0.00    0.00    0.00    0.00    0.00    0.00   90.39
10:24:55 AM    0    2.01    0.00    0.00    0.00    0.00    0.00    0.00    0.00    0.00   97.99
10:24:55 AM    1    1.50    0.00    0.00    0.00    0.00    0.00    0.00    0.00    0.00   98.50
10:24:55 AM    2    1.01    0.00    0.50    0.00    0.00    0.00    0.00    0.00    0.00   98.49
10:24:55 AM    3    1.51    0.00    0.00    0.00    0.00    0.00    0.00    0.00    0.00   98.49
10:24:55 AM    4    1.00    0.00    0.00    0.00    0.00    0.00    0.00    0.00    0.00   99.00
10:24:55 AM    5    1.50    0.00    0.00    0.00    0.00    0.00    0.00    0.00    0.00   98.50
10:24:55 AM    6    1.51    0.00    0.50    0.00    0.00    0.00    0.00    0.00    0.00   97.99
10:24:55 AM    7    0.50    0.00    0.00    0.00    0.00    0.00    0.00    0.00    0.00   99.50
10:24:55 AM    8    1.00    0.00    0.00    0.00    0.00    0.00    0.00    0.00    0.00   99.00
10:24:55 AM    9    1.51    0.00    0.00    0.00    0.00    0.00    0.00    0.00    0.00   98.49
10:24:55 AM   10  100.00    0.00    0.00    0.00    0.00    0.00    0.00    0.00    0.00    0.00
10:24:55 AM   11    1.01    0.00    0.00    0.00    0.00    0.00    0.00    0.00    0.00   98.99

10:24:55 AM  CPU    %usr   %nice    %sys %iowait    %irq   %soft  %steal  %guest  %gnice   %idle
10:24:57 AM  all    8.72    0.00    0.25    0.04    0.00    0.00    0.00    0.00    0.00   90.99
10:24:57 AM    0    4.50    0.00    0.50    0.00    0.00    0.00    0.00    0.00    0.00   95.00
10:24:57 AM    1    0.50    0.00    0.00    0.00    0.00    0.00    0.00    0.00    0.00   99.50
10:24:57 AM    2    1.49    0.00    0.50    0.00    0.00    0.00    0.00    0.00    0.00   98.01
10:24:57 AM    3    0.00    0.00    0.00    0.00    0.00    0.00    0.00    0.00    0.00  100.00
10:24:57 AM    4   95.52    0.00    0.50    0.00    0.00    0.00    0.00    0.00    0.00    3.98
10:24:57 AM    5    0.00    0.00    0.00    0.00    0.00    0.00    0.00    0.00    0.00  100.00
10:24:57 AM    6    0.51    0.00    0.00    0.00    0.00    0.00    0.00    0.00    0.00   99.49
10:24:57 AM    7    0.50    0.00    0.50    0.00    0.00    0.00    0.00    0.00    0.00   99.00
10:24:57 AM    8    0.00    0.00    0.50    0.00    0.00    0.00    0.00    0.00    0.00   99.50
10:24:57 AM    9    0.50    0.00    0.00    0.00    0.00    0.00    0.00    0.00    0.00   99.50
10:24:57 AM   10    0.50    0.00    0.00    0.00    0.00    0.00    0.00    0.00    0.00   99.50
10:24:57 AM   11    0.00    0.00    0.50    0.50    0.00    0.00    0.00    0.00    0.00   99.00

10:24:57 AM  CPU    %usr   %nice    %sys %iowait    %irq   %soft  %steal  %guest  %gnice   %idle
10:24:59 AM  all    8.77    0.00    0.08    0.00    0.00    0.00    0.00    0.00    0.00   91.14
10:24:59 AM    0   14.07    0.00    0.00    0.00    0.00    0.00    0.00    0.00    0.00   85.93
10:24:59 AM    1    0.50    0.00    0.00    0.00    0.00    0.00    0.00    0.00    0.00   99.50
10:24:59 AM    2    2.51    0.00    0.00    0.00    0.00    0.00    0.00    0.00    0.00   97.49
10:24:59 AM    3    0.50    0.00    0.00    0.00    0.00    0.00    0.00    0.00    0.00   99.50
10:24:59 AM    4   85.93    0.00    0.00    0.00    0.00    0.00    0.00    0.00    0.00   14.07
10:24:59 AM    5    0.50    0.00    0.50    0.00    0.00    0.00    0.00    0.00    0.00   99.00
10:24:59 AM    6    0.51    0.00    0.00    0.00    0.00    0.00    0.00    0.00    0.00   99.49
10:24:59 AM    7    0.00    0.00    0.00    0.00    0.00    0.00    0.00    0.00    0.00  100.00
10:24:59 AM    8    0.00    0.00    0.00    0.00    0.00    0.00    0.00    0.00    0.00  100.00
10:24:59 AM    9    0.50    0.00    0.50    0.00    0.00    0.00    0.00    0.00    0.00   99.00
10:24:59 AM   10    0.00    0.00    0.00    0.00    0.00    0.00    0.00    0.00    0.00  100.00
10:24:59 AM   11    0.50    0.00    0.00    0.00    0.00    0.00    0.00    0.00    0.00   99.50

10:24:59 AM  CPU    %usr   %nice    %sys %iowait    %irq   %soft  %steal  %guest  %gnice   %idle
10:25:01 AM  all    8.86    0.00    0.00    0.00    0.00    0.00    0.00    0.00    0.00   91.14
10:25:01 AM    0   18.00    0.00    0.00    0.00    0.00    0.00    0.00    0.00    0.00   82.00
10:25:01 AM    1    0.50    0.00    0.00    0.00    0.00    0.00    0.00    0.00    0.00   99.50
10:25:01 AM    2    1.01    0.00    0.00    0.00    0.00    0.00    0.00    0.00    0.00   98.99
10:25:01 AM    3    1.00    0.00    0.00    0.00    0.00    0.00    0.00    0.00    0.00   99.00
10:25:01 AM    4   33.50    0.00    0.00    0.00    0.00    0.00    0.00    0.00    0.00   66.50
10:25:01 AM    5    0.50    0.00    0.00    0.00    0.00    0.00    0.00    0.00    0.00   99.50
10:25:01 AM    6   50.25    0.00    0.00    0.00    0.00    0.00    0.00    0.00    0.00   49.75
10:25:01 AM    7    0.50    0.00    0.00    0.00    0.00    0.00    0.00    0.00    0.00   99.50
10:25:01 AM    8    0.50    0.00    0.00    0.00    0.00    0.00    0.00    0.00    0.00   99.50
10:25:01 AM    9    0.00    0.00    0.00    0.00    0.00    0.00    0.00    0.00    0.00  100.00
10:25:01 AM   10    0.50    0.00    0.00    0.00    0.00    0.00    0.00    0.00    0.00   99.50
10:25:01 AM   11    0.00    0.00    0.00    0.00    0.00    0.00    0.00    0.00    0.00  100.00

10:25:01 AM  CPU    %usr   %nice    %sys %iowait    %irq   %soft  %steal  %guest  %gnice   %idle
10:25:03 AM  all    8.69    0.00    0.13    0.00    0.00    0.00    0.00    0.00    0.00   91.18
10:25:03 AM    0    0.00    0.00    0.00    0.00    0.00    0.00    0.00    0.00    0.00  100.00
10:25:03 AM    1    0.00    0.00    0.00    0.00    0.00    0.00    0.00    0.00    0.00  100.00
10:25:03 AM    2    1.00    0.00    0.00    0.00    0.00    0.00    0.00    0.00    0.00   99.00
10:25:03 AM    3    0.00    0.00    0.50    0.00    0.00    0.00    0.00    0.00    0.00   99.50
10:25:03 AM    4    1.01    0.00    0.50    0.00    0.00    0.00    0.00    0.00    0.00   98.49
10:25:03 AM    5    0.50    0.00    0.00    0.00    0.00    0.00    0.00    0.00    0.00   99.50
10:25:03 AM    6  100.00    0.00    0.00    0.00    0.00    0.00    0.00    0.00    0.00    0.00
10:25:03 AM    7    0.50    0.00    0.50    0.00    0.00    0.00    0.00    0.00    0.00   99.00
10:25:03 AM    8    0.00    0.00    0.00    0.00    0.00    0.00    0.00    0.00    0.00  100.00
10:25:03 AM    9    0.00    0.00    0.00    0.00    0.00    0.00    0.00    0.00    0.00  100.00
10:25:03 AM   10    1.01    0.00    0.00    0.00    0.00    0.00    0.00    0.00    0.00   98.99
10:25:03 AM   11    0.00    0.00    0.00    0.00    0.00    0.00    0.00    0.00    0.00  100.00

10:25:03 AM  CPU    %usr   %nice    %sys %iowait    %irq   %soft  %steal  %guest  %gnice   %idle
10:25:05 AM  all    8.77    0.00    0.17    0.00    0.00    0.00    0.00    0.00    0.00   91.06
10:25:05 AM    0    7.04    0.00    0.00    0.00    0.00    0.00    0.00    0.00    0.00   92.96
10:25:05 AM    1    0.50    0.00    0.00    0.00    0.00    0.00    0.00    0.00    0.00   99.50
10:25:05 AM    2    3.48    0.00    0.50    0.00    0.00    0.00    0.00    0.00    0.00   96.02
10:25:05 AM    3    0.50    0.00    0.00    0.00    0.00    0.00    0.00    0.00    0.00   99.50
10:25:05 AM    4   75.00    0.00    0.00    0.00    0.00    0.00    0.00    0.00    0.00   25.00
10:25:05 AM    5    0.00    0.00    0.00    0.00    0.00    0.00    0.00    0.00    0.00  100.00
10:25:05 AM    6   17.59    0.00    0.50    0.00    0.00    0.00    0.00    0.00    0.00   81.91
10:25:05 AM    7    0.00    0.00    0.00    0.00    0.00    0.00    0.00    0.00    0.00  100.00
10:25:05 AM    8    0.50    0.00    0.50    0.00    0.00    0.00    0.00    0.00    0.00   99.00
10:25:05 AM    9    0.50    0.00    0.00    0.00    0.00    0.00    0.00    0.00    0.00   99.50
10:25:05 AM   10    0.00    0.00    0.00    0.00    0.00    0.00    0.00    0.00    0.00  100.00
10:25:05 AM   11    0.00    0.00    0.50    0.00    0.00    0.00    0.00    0.00    0.00   99.50

10:25:05 AM  CPU    %usr   %nice    %sys %iowait    %irq   %soft  %steal  %guest  %gnice   %idle
10:25:07 AM  all   10.15    0.00    0.08    0.00    0.00    0.00    0.00    0.00    0.00   89.76
10:25:07 AM    0    2.00    0.00    0.50    0.00    0.00    0.00    0.00    0.00    0.00   97.50
10:25:07 AM    1    2.50    0.00    0.50    0.00    0.00    0.00    0.00    0.00    0.00   97.00
10:25:07 AM    2    1.01    0.00    0.00    0.00    0.00    0.00    0.00    0.00    0.00   98.99
10:25:07 AM    3    0.50    0.00    0.00    0.00    0.00    0.00    0.00    0.00    0.00   99.50
10:25:07 AM    4  100.00    0.00    0.00    0.00    0.00    0.00    0.00    0.00    0.00    0.00
10:25:07 AM    5    3.50    0.00    0.00    0.00    0.00    0.00    0.00    0.00    0.00   96.50
10:25:07 AM    6    2.54    0.00    0.00    0.00    0.00    0.00    0.00    0.00    0.00   97.46
10:25:07 AM    7    2.00    0.00    0.00    0.00    0.00    0.00    0.00    0.00    0.00   98.00
10:25:07 AM    8    2.01    0.00    0.00    0.00    0.00    0.00    0.00    0.00    0.00   97.99
10:25:07 AM    9    2.00    0.00    0.00    0.00    0.00    0.00    0.00    0.00    0.00   98.00
10:25:07 AM   10    2.00    0.00    0.00    0.00    0.00    0.00    0.00    0.00    0.00   98.00
10:25:07 AM   11    2.01    0.00    0.00    0.00    0.00    0.00    0.00    0.00    0.00   97.99

10:25:07 AM  CPU    %usr   %nice    %sys %iowait    %irq   %soft  %steal  %guest  %gnice   %idle
10:25:09 AM  all   15.67    0.00    5.05    0.08    0.00    0.00    0.00    0.00    0.00   79.20
10:25:09 AM    0   19.91    0.00    6.64    0.47    0.00    0.00    0.00    0.00    0.00   72.99
10:25:09 AM    1    9.41    0.00    3.96    0.00    0.00    0.00    0.00    0.00    0.00   86.63
10:25:09 AM    2   12.11    0.00   10.31    0.00    0.00    0.00    0.00    0.00    0.00   77.58
10:25:09 AM    3    5.77    0.00    5.29    0.00    0.00    0.00    0.00    0.00    0.00   88.94
10:25:09 AM    4   57.43    0.00    1.98    0.00    0.00    0.00    0.00    0.00    0.00   40.59
10:25:09 AM    5    9.39    0.00    7.04    0.00    0.00    0.00    0.00    0.00    0.00   83.57
10:25:09 AM    6   34.98    0.00    3.94    0.00    0.00    0.00    0.00    0.00    0.00   61.08
10:25:09 AM    7    2.91    0.00    7.28    0.00    0.00    0.00    0.00    0.00    0.00   89.81
10:25:09 AM    8    4.43    0.00    3.45    0.00    0.00    0.00    0.00    0.00    0.00   92.12
10:25:09 AM    9    4.76    0.00    4.29    0.00    0.00    0.00    0.00    0.00    0.00   90.95
10:25:09 AM   10   23.92    0.00    4.31    0.00    0.00    0.00    0.00    0.00    0.00   71.76
10:25:09 AM   11    2.02    0.00    1.52    0.51    0.00    0.00    0.00    0.00    0.00   95.96

10:25:09 AM  CPU    %usr   %nice    %sys %iowait    %irq   %soft  %steal  %guest  %gnice   %idle
10:25:11 AM  all   20.94    0.00    4.32    0.13    0.00    0.13    0.00    0.00    0.00   74.49
10:25:11 AM    0   41.84    0.00   11.22    0.00    0.00    0.00    0.00    0.00    0.00   46.94
10:25:11 AM    1   12.12    0.00    4.04    0.00    0.00    0.00    0.00    0.00    0.00   83.84
10:25:11 AM    2   15.15    0.00    4.55    0.00    0.00    0.00    0.00    0.00    0.00   80.30
10:25:11 AM    3   10.05    0.00    4.02    0.00    0.00    0.00    0.00    0.00    0.00   85.93
10:25:11 AM    4    6.09    0.00    2.54    0.00    0.00    0.00    0.00    0.00    0.00   91.37
10:25:11 AM    5   17.17    0.00    6.06    0.00    0.00    0.00    0.00    0.00    0.00   76.77
10:25:11 AM    6   12.63    0.00    4.04    0.51    0.00    0.00    0.00    0.00    0.00   82.83
10:25:11 AM    7    6.60    0.00    3.55    0.00    0.00    0.00    0.00    0.00    0.00   89.85
10:25:11 AM    8   14.57    0.00    4.52    0.50    0.00    0.00    0.00    0.00    0.00   80.40
10:25:11 AM    9    7.04    0.00    3.52    0.50    0.00    0.00    0.00    0.00    0.00   88.94
10:25:11 AM   10   97.51    0.00    0.00    0.00    0.00    1.00    0.00    0.00    0.00    1.49
10:25:11 AM   11    9.85    0.00    3.94    0.00    0.00    0.49    0.00    0.00    0.00   85.71

10:25:11 AM  CPU    %usr   %nice    %sys %iowait    %irq   %soft  %steal  %guest  %gnice   %idle
10:25:13 AM  all   24.87    0.00    2.39    0.17    0.00    0.17    0.00    0.00    0.00   72.40
10:25:13 AM    0   43.65    0.00    3.55    0.00    0.00    0.00    0.00    0.00    0.00   52.79
10:25:13 AM    1   10.00    0.00    2.00    0.50    0.00    0.00    0.00    0.00    0.00   87.50
10:25:13 AM    2   22.22    0.00    3.03    0.51    0.00    0.00    0.00    0.00    0.00   74.24
10:25:13 AM    3   14.57    0.00    2.51    0.50    0.00    0.00    0.00    0.00    0.00   82.41
10:25:13 AM    4   31.66    0.00    1.51    0.00    0.00    0.00    0.00    0.00    0.00   66.83
10:25:13 AM    5   19.80    0.00    2.03    0.00    0.00    0.00    0.00    0.00    0.00   78.17
10:25:13 AM    6   37.56    0.00    6.09    0.00    0.00    0.00    0.00    0.00    0.00   56.35
10:25:13 AM    7   15.00    0.00    2.00    0.50    0.00    0.00    0.00    0.00    0.00   82.50
10:25:13 AM    8   17.17    0.00    2.02    0.00    0.00    0.00    0.00    0.00    0.00   80.81
10:25:13 AM    9    9.00    0.00    2.00    0.00    0.00    0.00    0.00    0.00    0.00   89.00
10:25:13 AM   10   70.85    0.00    0.50    0.00    0.00    0.00    0.00    0.00    0.00   28.64
10:25:13 AM   11    7.50    0.00    1.50    0.00    0.00    2.00    0.00    0.00    0.00   89.00

10:25:13 AM  CPU    %usr   %nice    %sys %iowait    %irq   %soft  %steal  %guest  %gnice   %idle
10:25:15 AM  all   20.03    0.00    2.55    0.00    0.00    0.00    0.00    0.00    0.00   77.42
10:25:15 AM    0   58.79    0.00    1.51    0.00    0.00    0.00    0.00    0.00    0.00   39.70
10:25:15 AM    1    7.69    0.00    1.54    0.00    0.00    0.00    0.00    0.00    0.00   90.77
10:25:15 AM    2   18.37    0.00    2.55    0.00    0.00    0.00    0.00    0.00    0.00   79.08
10:25:15 AM    3    8.16    0.00    2.55    0.00    0.00    0.00    0.00    0.00    0.00   89.29
10:25:15 AM    4   46.19    0.00    3.55    0.00    0.00    0.00    0.00    0.00    0.00   50.25
10:25:15 AM    5   12.18    0.00    3.05    0.00    0.00    0.00    0.00    0.00    0.00   84.77
10:25:15 AM    6   41.84    0.00    0.51    0.00    0.00    0.00    0.00    0.00    0.00   57.65
10:25:15 AM    7   13.13    0.00    3.03    0.00    0.00    0.00    0.00    0.00    0.00   83.84
10:25:15 AM    8   11.11    0.00    2.53    0.00    0.00    0.00    0.00    0.00    0.00   86.36
10:25:15 AM    9    5.08    0.00    3.05    0.00    0.00    0.00    0.00    0.00    0.00   91.88
10:25:15 AM   10    6.22    0.00    4.15    0.00    0.00    0.00    0.00    0.00    0.00   89.64
10:25:15 AM   11   10.82    0.00    2.58    0.00    0.00    0.00    0.00    0.00    0.00   86.60

10:25:15 AM  CPU    %usr   %nice    %sys %iowait    %irq   %soft  %steal  %guest  %gnice   %idle
10:25:17 AM  all    8.89    0.00    0.25    0.00    0.00    0.04    0.00    0.00    0.00   90.82
10:25:17 AM    0    9.55    0.00    0.00    0.00    0.00    0.00    0.00    0.00    0.00   90.45
10:25:17 AM    1    0.00    0.00    0.00    0.00    0.00    0.00    0.00    0.00    0.00  100.00
10:25:17 AM    2    1.00    0.00    0.50    0.00    0.00    0.00    0.00    0.00    0.00   98.50
10:25:17 AM    3    0.50    0.00    0.50    0.00    0.00    0.00    0.00    0.00    0.00   99.00
10:25:17 AM    4    2.01    0.00    0.50    0.00    0.00    0.00    0.00    0.00    0.00   97.49
10:25:17 AM    5    1.00    0.00    0.00    0.00    0.00    0.00    0.00    0.00    0.00   99.00
10:25:17 AM    6   90.50    0.00    0.00    0.00    0.00    0.00    0.00    0.00    0.00    9.50
10:25:17 AM    7    0.50    0.00    0.00    0.00    0.00    0.00    0.00    0.00    0.00   99.50
10:25:17 AM    8    0.50    0.00    0.00    0.00    0.00    0.00    0.00    0.00    0.00   99.50
10:25:17 AM    9    0.51    0.00    0.00    0.00    0.00    0.00    0.00    0.00    0.00   99.49
10:25:17 AM   10    0.49    0.00    1.47    0.00    0.00    0.49    0.00    0.00    0.00   97.55
10:25:17 AM   11    0.00    0.00    0.00    0.00    0.00    0.00    0.00    0.00    0.00  100.00

10:25:17 AM  CPU    %usr   %nice    %sys %iowait    %irq   %soft  %steal  %guest  %gnice   %idle
10:25:19 AM  all   11.98    0.00    0.92    0.00    0.00    0.00    0.00    0.00    0.00   87.10
10:25:19 AM    0    0.51    0.00    0.00    0.00    0.00    0.00    0.00    0.00    0.00   99.49
10:25:19 AM    1    1.51    0.00    0.50    0.00    0.00    0.00    0.00    0.00    0.00   97.99
10:25:19 AM    2    7.07    0.00    0.51    0.00    0.00    0.00    0.00    0.00    0.00   92.42
10:25:19 AM    3    3.03    0.00    0.00    0.00    0.00    0.00    0.00    0.00    0.00   96.97
10:25:19 AM    4   17.59    0.00    2.01    0.00    0.00    0.00    0.00    0.00    0.00   80.40
10:25:19 AM    5    4.55    0.00    0.51    0.00    0.00    0.00    0.00    0.00    0.00   94.95
10:25:19 AM    6   99.50    0.00    0.50    0.00    0.00    0.00    0.00    0.00    0.00    0.00
10:25:19 AM    7    2.49    0.00    0.00    0.00    0.00    0.00    0.00    0.00    0.00   97.51
10:25:19 AM    8    2.02    0.00    0.51    0.00    0.00    0.00    0.00    0.00    0.00   97.47
10:25:19 AM    9    1.51    0.00    0.50    0.00    0.00    0.00    0.00    0.00    0.00   97.99
10:25:19 AM   10    1.49    0.00    2.49    0.00    0.00    0.00    0.00    0.00    0.00   96.02
10:25:19 AM   11    1.94    0.00    3.40    0.00    0.00    0.00    0.00    0.00    0.00   94.66

10:25:19 AM  CPU    %usr   %nice    %sys %iowait    %irq   %soft  %steal  %guest  %gnice   %idle
10:25:21 AM  all   11.75    0.00    0.42    0.00    0.00    0.00    0.00    0.00    0.00   87.83
10:25:21 AM    0   41.21    0.00    0.00    0.00    0.00    0.00    0.00    0.00    0.00   58.79
10:25:21 AM    1    3.02    0.00    1.01    0.00    0.00    0.00    0.00    0.00    0.00   95.98
10:25:21 AM    2    5.50    0.00    0.50    0.00    0.00    0.00    0.00    0.00    0.00   94.00
10:25:21 AM    3    4.00    0.00    0.50    0.00    0.00    0.00    0.00    0.00    0.00   95.50
10:25:21 AM    4   14.14    0.00    0.51    0.00    0.00    0.00    0.00    0.00    0.00   85.35
10:25:21 AM    5    6.00    0.00    1.00    0.00    0.00    0.00    0.00    0.00    0.00   93.00
10:25:21 AM    6   50.51    0.00    0.00    0.00    0.00    0.00    0.00    0.00    0.00   49.49
10:25:21 AM    7    4.02    0.00    0.50    0.00    0.00    0.00    0.00    0.00    0.00   95.48
10:25:21 AM    8    4.00    0.00    0.00    0.00    0.00    0.00    0.00    0.00    0.00   96.00
10:25:21 AM    9    2.50    0.00    0.50    0.00    0.00    0.00    0.00    0.00    0.00   97.00
10:25:21 AM   10    2.51    0.00    0.50    0.00    0.00    0.00    0.00    0.00    0.00   96.98
10:25:21 AM   11    4.02    0.00    0.00    0.00    0.00    0.00    0.00    0.00    0.00   95.98

10:25:21 AM  CPU    %usr   %nice    %sys %iowait    %irq   %soft  %steal  %guest  %gnice   %idle
10:25:23 AM  all   10.49    0.00    0.54    0.04    0.00    0.00    0.00    0.00    0.00   88.92
10:25:23 AM    0   46.00    0.00    0.00    0.00    0.00    0.00    0.00    0.00    0.00   54.00
10:25:23 AM    1    1.99    0.00    0.50    0.50    0.00    0.00    0.00    0.00    0.00   97.01
10:25:23 AM    2    4.00    0.00    1.00    0.00    0.00    0.00    0.00    0.00    0.00   95.00
10:25:23 AM    3    2.50    0.00    0.50    0.00    0.00    0.00    0.00    0.00    0.00   97.00
10:25:23 AM    4   33.67    0.00    0.50    0.00    0.00    0.00    0.00    0.00    0.00   65.83
10:25:23 AM    5    4.00    0.00    0.50    0.00    0.00    0.00    0.00    0.00    0.00   95.50
10:25:23 AM    6   22.73    0.00    1.01    0.00    0.00    0.00    0.00    0.00    0.00   76.26
10:25:23 AM    7    3.00    0.00    0.50    0.00    0.00    0.00    0.00    0.00    0.00   96.50
10:25:23 AM    8    2.01    0.00    0.50    0.00    0.00    0.00    0.00    0.00    0.00   97.49
10:25:23 AM    9    1.01    0.00    0.00    0.00    0.00    0.00    0.00    0.00    0.00   98.99
10:25:23 AM   10    4.02    0.00    1.01    0.00    0.00    0.00    0.00    0.00    0.00   94.97
10:25:23 AM   11    1.01    0.00    0.51    0.00    0.00    0.00    0.00    0.00    0.00   98.48

10:25:23 AM  CPU    %usr   %nice    %sys %iowait    %irq   %soft  %steal  %guest  %gnice   %idle
10:25:25 AM  all   10.20    0.00    0.50    0.00    0.00    0.04    0.00    0.00    0.00   89.26
10:25:25 AM    0   45.96    0.00    0.00    0.00    0.00    0.00    0.00    0.00    0.00   54.04
10:25:25 AM    1    1.01    0.00    0.50    0.00    0.00    0.50    0.00    0.00    0.00   97.99
10:25:25 AM    2    3.50    0.00    0.50    0.00    0.00    0.00    0.00    0.00    0.00   96.00
10:25:25 AM    3    2.97    0.00    0.50    0.00    0.00    0.00    0.00    0.00    0.00   96.53
10:25:25 AM    4    4.06    0.00    1.02    0.00    0.00    0.00    0.00    0.00    0.00   94.92
10:25:25 AM    5    3.50    0.00    0.50    0.00    0.00    0.00    0.00    0.00    0.00   96.00
10:25:25 AM    6   53.54    0.00    0.00    0.00    0.00    0.00    0.00    0.00    0.00   46.46
10:25:25 AM    7    1.50    0.00    0.50    0.00    0.00    0.00    0.00    0.00    0.00   98.00
10:25:25 AM    8    1.52    0.00    0.51    0.00    0.00    0.00    0.00    0.00    0.00   97.98
10:25:25 AM    9    1.50    0.00    0.50    0.00    0.00    0.00    0.00    0.00    0.00   98.00
10:25:25 AM   10    3.00    0.00    1.00    0.00    0.00    0.00    0.00    0.00    0.00   96.00
10:25:25 AM   11    1.00    0.00    0.50    0.00    0.00    0.00    0.00    0.00    0.00   98.50

10:25:25 AM  CPU    %usr   %nice    %sys %iowait    %irq   %soft  %steal  %guest  %gnice   %idle
10:25:27 AM  all   12.29    0.00    0.25    0.04    0.00    0.00    0.00    0.00    0.00   87.42
10:25:27 AM    0   80.50    0.00    0.00    0.00    0.00    0.00    0.00    0.00    0.00   19.50
10:25:27 AM    1    4.52    0.00    0.50    0.00    0.00    0.00    0.00    0.00    0.00   94.97
10:25:27 AM    2    4.52    0.00    0.50    0.00    0.00    0.00    0.00    0.00    0.00   94.97
10:25:27 AM    3    3.55    0.00    0.00    0.00    0.00    0.00    0.00    0.00    0.00   96.45
10:25:27 AM    4    7.54    0.00    0.50    0.00    0.00    0.00    0.00    0.00    0.00   91.96
10:25:27 AM    5    6.03    0.00    0.50    0.00    0.00    0.00    0.00    0.00    0.00   93.47
10:25:27 AM    6   21.32    0.00    0.00    0.00    0.00    0.00    0.00    0.00    0.00   78.68
10:25:27 AM    7    3.02    0.00    0.00    0.00    0.00    0.00    0.00    0.00    0.00   96.98
10:25:27 AM    8    4.52    0.00    0.50    0.00    0.00    0.00    0.00    0.00    0.00   94.97
10:25:27 AM    9    4.02    0.00    0.00    0.00    0.00    0.00    0.00    0.00    0.00   95.98
10:25:27 AM   10    4.02    0.00    0.50    0.00    0.00    0.00    0.00    0.00    0.00   95.48
10:25:27 AM   11    3.54    0.00    0.00    0.51    0.00    0.00    0.00    0.00    0.00   95.96

10:25:27 AM  CPU    %usr   %nice    %sys %iowait    %irq   %soft  %steal  %guest  %gnice   %idle
10:25:29 AM  all   11.41    0.00    0.46    0.00    0.00    0.00    0.00    0.00    0.00   88.13
10:25:29 AM    0   41.50    0.00    0.50    0.00    0.00    0.00    0.00    0.00    0.00   58.00
10:25:29 AM    1    3.03    0.00    0.00    0.00    0.00    0.00    0.00    0.00    0.00   96.97
10:25:29 AM    2    6.47    0.00    0.50    0.00    0.00    0.00    0.00    0.00    0.00   93.03
10:25:29 AM    3    3.52    0.00    0.50    0.00    0.00    0.00    0.00    0.00    0.00   95.98
10:25:29 AM    4   45.00    0.00    0.50    0.00    0.00    0.00    0.00    0.00    0.00   54.50
10:25:29 AM    5    5.00    0.00    0.50    0.00    0.00    0.00    0.00    0.00    0.00   94.50
10:25:29 AM    6   18.78    0.00    0.51    0.00    0.00    0.00    0.00    0.00    0.00   80.71
10:25:29 AM    7    2.50    0.00    0.50    0.00    0.00    0.00    0.00    0.00    0.00   97.00
10:25:29 AM    8    3.02    0.00    0.50    0.00    0.00    0.00    0.00    0.00    0.00   96.48
10:25:29 AM    9    1.51    0.00    0.50    0.00    0.00    0.00    0.00    0.00    0.00   97.99
10:25:29 AM   10    3.02    0.00    0.50    0.00    0.00    0.00    0.00    0.00    0.00   96.48
10:25:29 AM   11    3.50    0.00    0.50    0.00    0.00    0.00    0.00    0.00    0.00   96.00

10:25:29 AM  CPU    %usr   %nice    %sys %iowait    %irq   %soft  %steal  %guest  %gnice   %idle
10:25:31 AM  all    9.84    0.00    0.25    0.04    0.00    0.00    0.00    0.00    0.00   89.86
10:25:31 AM    0   16.67    0.00    0.51    0.00    0.00    0.00    0.00    0.00    0.00   82.83
10:25:31 AM    1    0.51    0.00    0.00    0.00    0.00    0.00    0.00    0.00    0.00   99.49
10:25:31 AM    2    3.52    0.00    0.50    0.00    0.00    0.00    0.00    0.00    0.00   95.98
10:25:31 AM    3    1.50    0.00    0.00    0.00    0.00    0.00    0.00    0.00    0.00   98.50
10:25:31 AM    4   53.27    0.00    0.00    0.00    0.00    0.00    0.00    0.00    0.00   46.73
10:25:31 AM    5    2.01    0.00    0.50    0.00    0.00    0.00    0.00    0.00    0.00   97.49
10:25:31 AM    6   36.36    0.00    0.51    0.00    0.00    0.00    0.00    0.00    0.00   63.13
10:25:31 AM    7    0.50    0.00    0.50    0.00    0.00    0.00    0.00    0.00    0.00   99.00
10:25:31 AM    8    1.01    0.00    0.00    0.00    0.00    0.00    0.00    0.00    0.00   98.99
10:25:31 AM    9    0.50    0.00    0.00    0.50    0.00    0.00    0.00    0.00    0.00   98.99
10:25:31 AM   10    2.00    0.00    0.50    0.00    0.00    0.00    0.00    0.00    0.00   97.50
10:25:31 AM   11    0.51    0.00    0.00    0.00    0.00    0.00    0.00    0.00    0.00   99.49

10:25:31 AM  CPU    %usr   %nice    %sys %iowait    %irq   %soft  %steal  %guest  %gnice   %idle
10:25:33 AM  all   13.49    0.00    0.50    0.08    0.00    0.00    0.00    0.00    0.00   85.92
10:25:33 AM    0   68.50    0.00    0.50    0.00    0.00    0.00    0.00    0.00    0.00   31.00
10:25:33 AM    1    2.01    0.00    0.50    0.00    0.00    0.00    0.00    0.00    0.00   97.49
10:25:33 AM    2    9.60    0.00    0.51    0.00    0.00    0.00    0.00    0.00    0.00   89.90
10:25:33 AM    3    5.03    0.00    0.50    0.50    0.00    0.00    0.00    0.00    0.00   93.97
10:25:33 AM    4   43.00    0.00    0.50    0.00    0.00    0.00    0.00    0.00    0.00   56.50
10:25:33 AM    5    7.04    0.00    0.50    0.00    0.00    0.00    0.00    0.00    0.00   92.46
10:25:33 AM    6    4.62    0.00    0.00    0.00    0.00    0.00    0.00    0.00    0.00   95.38
10:25:33 AM    7    3.52    0.00    0.50    0.00    0.00    0.00    0.00    0.00    0.00   95.98
10:25:33 AM    8    2.49    0.00    1.00    0.00    0.00    0.00    0.00    0.00    0.00   96.52
10:25:33 AM    9    3.00    0.00    0.50    0.50    0.00    0.00    0.00    0.00    0.00   96.00
10:25:33 AM   10    9.55    0.00    1.01    0.00    0.00    0.00    0.00    0.00    0.00   89.45
10:25:33 AM   11    3.03    0.00    0.00    0.00    0.00    0.00    0.00    0.00    0.00   96.97

10:25:33 AM  CPU    %usr   %nice    %sys %iowait    %irq   %soft  %steal  %guest  %gnice   %idle
10:25:35 AM  all    9.43    0.00    0.08    0.00    0.00    0.00    0.00    0.00    0.00   90.49
10:25:35 AM    0   21.00    0.00    0.00    0.00    0.00    0.00    0.00    0.00    0.00   79.00
10:25:35 AM    1    0.51    0.00    0.00    0.00    0.00    0.00    0.00    0.00    0.00   99.49
10:25:35 AM    2    3.52    0.00    0.00    0.00    0.00    0.00    0.00    0.00    0.00   96.48
10:25:35 AM    3    1.01    0.00    0.00    0.00    0.00    0.00    0.00    0.00    0.00   98.99
10:25:35 AM    4   79.40    0.00    0.50    0.00    0.00    0.00    0.00    0.00    0.00   20.10
10:25:35 AM    5    1.50    0.00    0.00    0.00    0.00    0.00    0.00    0.00    0.00   98.50
10:25:35 AM    6    1.52    0.00    0.00    0.00    0.00    0.00    0.00    0.00    0.00   98.48
10:25:35 AM    7    1.01    0.00    0.00    0.00    0.00    0.00    0.00    0.00    0.00   98.99
10:25:35 AM    8    1.01    0.00    0.00    0.00    0.00    0.00    0.00    0.00    0.00   98.99
10:25:35 AM    9    0.50    0.00    0.00    0.00    0.00    0.00    0.00    0.00    0.00   99.50
10:25:35 AM   10    1.51    0.00    0.00    0.00    0.00    0.00    0.00    0.00    0.00   98.49
10:25:35 AM   11    0.50    0.00    0.50    0.00    0.00    0.00    0.00    0.00    0.00   98.99

10:25:35 AM  CPU    %usr   %nice    %sys %iowait    %irq   %soft  %steal  %guest  %gnice   %idle
10:25:37 AM  all    9.79    0.00    0.42    0.00    0.00    0.00    0.00    0.00    0.00   89.79
10:25:37 AM    0   59.00    0.00    0.50    0.00    0.00    0.00    0.00    0.00    0.00   40.50
10:25:37 AM    1    1.00    0.00    0.50    0.00    0.00    0.00    0.00    0.00    0.00   98.50
10:25:37 AM    2    3.52    0.00    0.50    0.00    0.00    0.00    0.00    0.00    0.00   95.98
10:25:37 AM    3    2.00    0.00    0.50    0.00    0.00    0.00    0.00    0.00    0.00   97.50
10:25:37 AM    4   13.64    0.00    0.00    0.00    0.00    0.00    0.00    0.00    0.00   86.36
10:25:37 AM    5    2.53    0.00    0.00    0.00    0.00    0.00    0.00    0.00    0.00   97.47
10:25:37 AM    6   27.78    0.00    0.51    0.00    0.00    0.00    0.00    0.00    0.00   71.72
10:25:37 AM    7    1.00    0.00    0.50    0.00    0.00    0.00    0.00    0.00    0.00   98.50
10:25:37 AM    8    1.51    0.00    0.50    0.00    0.00    0.00    0.00    0.00    0.00   97.99
10:25:37 AM    9    0.50    0.00    0.50    0.00    0.00    0.00    0.00    0.00    0.00   98.99
10:25:37 AM   10    4.52    0.00    0.50    0.00    0.00    0.00    0.00    0.00    0.00   94.97
10:25:37 AM   11    0.50    0.00    0.50    0.00    0.00    0.00    0.00    0.00    0.00   98.99

10:25:37 AM  CPU    %usr   %nice    %sys %iowait    %irq   %soft  %steal  %guest  %gnice   %idle
10:25:39 AM  all   11.59    0.00    0.25    0.00    0.00    0.00    0.00    0.00    0.00   88.15
10:25:39 AM    0   21.32    0.00    0.51    0.00    0.00    0.00    0.00    0.00    0.00   78.17
10:25:39 AM    1    2.51    0.00    0.00    0.00    0.00    0.00    0.00    0.00    0.00   97.49
10:25:39 AM    2    4.50    0.00    0.50    0.00    0.00    0.00    0.00    0.00    0.00   95.00
10:25:39 AM    3    2.01    0.00    0.00    0.00    0.00    0.00    0.00    0.00    0.00   97.99
10:25:39 AM    4   82.09    0.00    0.50    0.00    0.00    0.00    0.00    0.00    0.00   17.41
10:25:39 AM    5    4.00    0.00    0.50    0.00    0.00    0.00    0.00    0.00    0.00   95.50
10:25:39 AM    6    8.54    0.00    0.00    0.00    0.00    0.00    0.00    0.00    0.00   91.46
10:25:39 AM    7    2.53    0.00    0.00    0.00    0.00    0.00    0.00    0.00    0.00   97.47
10:25:39 AM    8    4.00    0.00    0.50    0.00    0.00    0.00    0.00    0.00    0.00   95.50
10:25:39 AM    9    3.00    0.00    0.00    0.00    0.00    0.00    0.00    0.00    0.00   97.00
10:25:39 AM   10    1.51    0.00    0.50    0.00    0.00    0.00    0.00    0.00    0.00   97.99
10:25:39 AM   11    2.54    0.00    0.00    0.00    0.00    0.00    0.00    0.00    0.00   97.46

10:25:39 AM  CPU    %usr   %nice    %sys %iowait    %irq   %soft  %steal  %guest  %gnice   %idle
10:25:41 AM  all   14.85    0.00    0.46    0.04    0.00    0.00    0.00    0.00    0.00   84.64
10:25:41 AM    0   33.17    0.00    0.50    0.00    0.00    0.00    0.00    0.00    0.00   66.33
10:25:41 AM    1    6.09    0.00    0.00    0.51    0.00    0.00    0.00    0.00    0.00   93.40
10:25:41 AM    2    8.16    0.00    0.51    0.00    0.00    0.00    0.00    0.00    0.00   91.33
10:25:41 AM    3    4.06    0.00    0.51    0.00    0.00    0.00    0.00    0.00    0.00   95.43
10:25:41 AM    4   73.37    0.00    0.00    0.00    0.00    0.00    0.00    0.00    0.00   26.63
10:25:41 AM    5    5.56    0.00    0.51    0.00    0.00    0.00    0.00    0.00    0.00   93.94
10:25:41 AM    6   11.22    0.00    1.02    0.00    0.00    0.00    0.00    0.00    0.00   87.76
10:25:41 AM    7    5.53    0.00    0.50    0.00    0.00    0.00    0.00    0.00    0.00   93.97
10:25:41 AM    8    9.09    0.00    0.51    0.00    0.00    0.00    0.00    0.00    0.00   90.40
10:25:41 AM    9    4.06    0.00    1.02    0.00    0.00    0.00    0.00    0.00    0.00   94.92
10:25:41 AM   10   12.76    0.00    0.00    0.00    0.00    0.00    0.00    0.00    0.00   87.24
10:25:41 AM   11    4.55    0.00    0.51    0.00    0.00    0.00    0.00    0.00    0.00   94.95

10:25:41 AM  CPU    %usr   %nice    %sys %iowait    %irq   %soft  %steal  %guest  %gnice   %idle
10:25:43 AM  all   11.47    0.00    0.88    0.08    0.00    0.00    0.00    0.00    0.00   87.57
10:25:43 AM    0   20.71    0.00    1.01    0.00    0.00    0.00    0.00    0.00    0.00   78.28
10:25:43 AM    1    2.02    0.00    1.01    0.00    0.00    0.00    0.00    0.00    0.00   96.97
10:25:43 AM    2    4.52    0.00    0.50    0.00    0.00    0.00    0.00    0.00    0.00   94.97
10:25:43 AM    3    3.03    0.00    1.01    0.00    0.00    0.00    0.00    0.00    0.00   95.96
10:25:43 AM    4   83.42    0.00    2.01    0.00    0.00    0.00    0.00    0.00    0.00   14.57
10:25:43 AM    5    3.52    0.00    1.51    0.00    0.00    0.00    0.00    0.00    0.00   94.97
10:25:43 AM    6    2.51    0.00    1.01    0.00    0.00    0.00    0.00    0.00    0.00   96.48
10:25:43 AM    7    1.50    0.00    1.00    0.50    0.00    0.00    0.00    0.00    0.00   97.00
10:25:43 AM    8    1.51    0.00    0.00    0.50    0.00    0.00    0.00    0.00    0.00   97.99
10:25:43 AM    9    2.01    0.00    0.50    0.00    0.00    0.00    0.00    0.00    0.00   97.49
10:25:43 AM   10    9.05    0.00    1.01    0.00    0.00    0.00    0.00    0.00    0.00   89.95
10:25:43 AM   11    3.61    0.00    0.00    0.00    0.00    0.00    0.00    0.00    0.00   96.39

10:25:43 AM  CPU    %usr   %nice    %sys %iowait    %irq   %soft  %steal  %guest  %gnice   %idle
10:25:45 AM  all   10.82    0.00    0.38    0.04    0.00    0.04    0.00    0.00    0.00   88.72
10:25:45 AM    0    5.53    0.00    0.50    0.00    0.00    0.00    0.00    0.00    0.00   93.97
10:25:45 AM    1    2.01    0.00    0.50    0.00    0.00    0.00    0.00    0.00    0.00   97.49
10:25:45 AM    2    3.00    0.00    1.00    0.00    0.00    0.00    0.00    0.00    0.00   96.00
10:25:45 AM    3    3.52    0.00    0.00    0.00    0.00    0.00    0.00    0.00    0.00   96.48
10:25:45 AM    4    2.00    0.00    0.50    0.00    0.00    0.00    0.00    0.00    0.00   97.50
10:25:45 AM    5    3.50    0.00    0.50    0.00    0.00    0.00    0.00    0.00    0.00   96.00
10:25:45 AM    6    2.55    0.00    0.51    0.00    0.00    0.00    0.00    0.00    0.00   96.94
10:25:45 AM    7    2.02    0.00    0.00    0.00    0.00    0.00    0.00    0.00    0.00   97.98
10:25:45 AM    8    1.52    0.00    0.51    0.51    0.00    0.00    0.00    0.00    0.00   97.47
10:25:45 AM    9    2.01    0.00    0.00    0.00    0.00    0.00    0.00    0.00    0.00   97.99
10:25:45 AM   10   99.50    0.00    0.00    0.00    0.00    0.50    0.00    0.00    0.00    0.00
10:25:45 AM   11    1.53    0.00    0.51    0.00    0.00    0.00    0.00    0.00    0.00   97.96

10:25:45 AM  CPU    %usr   %nice    %sys %iowait    %irq   %soft  %steal  %guest  %gnice   %idle
10:25:47 AM  all    8.74    0.00    0.04    0.08    0.00    0.00    0.00    0.00    0.00   91.14
10:25:47 AM    0    1.51    0.00    0.00    0.50    0.00    0.00    0.00    0.00    0.00   97.99
10:25:47 AM    1    0.50    0.00    0.00    0.00    0.00    0.00    0.00    0.00    0.00   99.50
10:25:47 AM    2    0.51    0.00    0.00    0.00    0.00    0.00    0.00    0.00    0.00   99.49
10:25:47 AM    3    1.00    0.00    0.00    0.50    0.00    0.00    0.00    0.00    0.00   98.51
10:25:47 AM    4    5.00    0.00    0.00    0.00    0.00    0.00    0.00    0.00    0.00   95.00
10:25:47 AM    5    0.50    0.00    0.00    0.00    0.00    0.00    0.00    0.00    0.00   99.50
10:25:47 AM    6    0.51    0.00    0.00    0.00    0.00    0.00    0.00    0.00    0.00   99.49
10:25:47 AM    7    0.00    0.00    0.50    0.00    0.00    0.00    0.00    0.00    0.00   99.50
10:25:47 AM    8    0.00    0.00    0.00    0.00    0.00    0.00    0.00    0.00    0.00  100.00
10:25:47 AM    9    0.00    0.00    0.00    0.00    0.00    0.00    0.00    0.00    0.00  100.00
10:25:47 AM   10   94.50    0.00    0.00    0.00    0.00    0.00    0.00    0.00    0.00    5.50
10:25:47 AM   11    0.50    0.00    0.00    0.00    0.00    0.00    0.00    0.00    0.00   99.50

10:25:47 AM  CPU    %usr   %nice    %sys %iowait    %irq   %soft  %steal  %guest  %gnice   %idle
10:25:49 AM  all   13.46    0.00    0.33    0.00    0.00    0.00    0.00    0.00    0.00   86.21
10:25:49 AM    0    8.50    0.00    1.00    0.00    0.00    0.00    0.00    0.00    0.00   90.50
10:25:49 AM    1    3.52    0.00    0.50    0.00    0.00    0.00    0.00    0.00    0.00   95.98
10:25:49 AM    2    6.47    0.00    0.50    0.00    0.00    0.00    0.00    0.00    0.00   93.03
10:25:49 AM    3    6.03    0.00    0.50    0.00    0.00    0.00    0.00    0.00    0.00   93.47
10:25:49 AM    4  100.00    0.00    0.00    0.00    0.00    0.00    0.00    0.00    0.00    0.00
10:25:49 AM    5    2.51    0.00    0.00    0.00    0.00    0.00    0.00    0.00    0.00   97.49
10:25:49 AM    6    6.06    0.00    0.51    0.00    0.00    0.00    0.00    0.00    0.00   93.43
10:25:49 AM    7    5.05    0.00    0.00    0.00    0.00    0.00    0.00    0.00    0.00   94.95
10:25:49 AM    8    6.00    0.00    0.50    0.00    0.00    0.00    0.00    0.00    0.00   93.50
10:25:49 AM    9    6.50    0.00    0.00    0.00    0.00    0.00    0.00    0.00    0.00   93.50
10:25:49 AM   10    5.50    0.00    0.00    0.00    0.00    0.00    0.00    0.00    0.00   94.50
10:25:49 AM   11    5.03    0.00    0.50    0.00    0.00    0.00    0.00    0.00    0.00   94.47

10:25:49 AM  CPU    %usr   %nice    %sys %iowait    %irq   %soft  %steal  %guest  %gnice   %idle
10:25:51 AM  all    8.94    0.00    0.17    0.00    0.00    0.00    0.00    0.00    0.00   90.89
10:25:51 AM    0    2.01    0.00    0.00    0.00    0.00    0.00    0.00    0.00    0.00   97.99
10:25:51 AM    1    1.49    0.00    0.50    0.00    0.00    0.00    0.00    0.00    0.00   98.01
10:25:51 AM    2    1.01    0.00    0.51    0.00    0.00    0.00    0.00    0.00    0.00   98.48
10:25:51 AM    3    0.50    0.00    0.00    0.00    0.00    0.00    0.00    0.00    0.00   99.50
10:25:51 AM    4   74.13    0.00    0.00    0.00    0.00    0.00    0.00    0.00    0.00   25.87
10:25:51 AM    5    1.00    0.00    0.50    0.00    0.00    0.00    0.00    0.00    0.00   98.51
10:25:51 AM    6    0.51    0.00    0.00    0.00    0.00    0.00    0.00    0.00    0.00   99.49
10:25:51 AM    7    0.50    0.00    0.50    0.00    0.00    0.00    0.00    0.00    0.00   99.00
10:25:51 AM    8    0.50    0.00    0.00    0.00    0.00    0.00    0.00    0.00    0.00   99.50
10:25:51 AM    9    0.00    0.00    0.00    0.00    0.00    0.00    0.00    0.00    0.00  100.00
10:25:51 AM   10   25.25    0.00    0.00    0.00    0.00    0.00    0.00    0.00    0.00   74.75
10:25:51 AM   11    0.00    0.00    0.00    0.00    0.00    0.00    0.00    0.00    0.00  100.00

10:25:51 AM  CPU    %usr   %nice    %sys %iowait    %irq   %soft  %steal  %guest  %gnice   %idle
10:25:53 AM  all    9.00    0.00    0.17    0.00    0.00    0.00    0.00    0.00    0.00   90.84
10:25:53 AM    0    2.51    0.00    0.50    0.00    0.00    0.00    0.00    0.00    0.00   96.98
10:25:53 AM    1    0.50    0.00    0.00    0.00    0.00    0.00    0.00    0.00    0.00   99.50
10:25:53 AM    2    1.01    0.00    0.00    0.00    0.00    0.00    0.00    0.00    0.00   98.99
10:25:53 AM    3    1.01    0.00    0.00    0.00    0.00    0.00    0.00    0.00    0.00   98.99
10:25:53 AM    4    0.00    0.00    0.00    0.00    0.00    0.00    0.00    0.00    0.00  100.00
10:25:53 AM    5    0.51    0.00    0.00    0.00    0.00    0.00    0.00    0.00    0.00   99.49
10:25:53 AM    6    1.01    0.00    0.50    0.00    0.00    0.00    0.00    0.00    0.00   98.49
10:25:53 AM    7    0.00    0.00    0.00    0.00    0.00    0.00    0.00    0.00    0.00  100.00
10:25:53 AM    8    0.00    0.00    0.50    0.00    0.00    0.00    0.00    0.00    0.00   99.50
10:25:53 AM    9    0.50    0.00    0.50    0.00    0.00    0.00    0.00    0.00    0.00   99.00
10:25:53 AM   10   99.50    0.00    0.00    0.00    0.00    0.00    0.00    0.00    0.00    0.50
10:25:53 AM   11    0.50    0.00    0.00    0.00    0.00    0.00    0.00    0.00    0.00   99.50

10:25:53 AM  CPU    %usr   %nice    %sys %iowait    %irq   %soft  %steal  %guest  %gnice   %idle
10:25:55 AM  all    9.88    0.00    0.29    0.00    0.00    0.08    0.00    0.00    0.00   89.74
10:25:55 AM    0    3.52    0.00    0.50    0.00    0.00    0.00    0.00    0.00    0.00   95.98
10:25:55 AM    1    1.01    0.00    0.50    0.00    0.00    0.00    0.00    0.00    0.00   98.49
10:25:55 AM    2    4.52    0.00    0.50    0.00    0.00    0.00    0.00    0.00    0.00   94.97
10:25:55 AM    3    1.50    0.00    0.50    0.00    0.00    0.00    0.00    0.00    0.00   98.00
10:25:55 AM    4   89.00    0.00    0.00    0.00    0.00    0.00    0.00    0.00    0.00   11.00
10:25:55 AM    5    1.01    0.00    0.00    0.00    0.00    0.00    0.00    0.00    0.00   98.99
10:25:55 AM    6    3.06    0.00    0.51    0.00    0.00    0.00    0.00    0.00    0.00   96.43
10:25:55 AM    7    1.00    0.00    0.50    0.00    0.00    0.00    0.00    0.00    0.00   98.50
10:25:55 AM    8    1.00    0.00    0.00    0.00    0.00    0.00    0.00    0.00    0.00   99.00
10:25:55 AM    9    1.01    0.00    0.00    0.00    0.00    0.00    0.00    0.00    0.00   98.99
10:25:55 AM   10   11.06    0.00    0.00    0.00    0.00    0.00    0.00    0.00    0.00   88.94
10:25:55 AM   11    0.50    0.00    0.50    0.00    0.00    1.00    0.00    0.00    0.00   98.01

10:25:55 AM  CPU    %usr   %nice    %sys %iowait    %irq   %soft  %steal  %guest  %gnice   %idle
10:25:57 AM  all    8.97    0.00    0.08    0.00    0.00    0.00    0.00    0.00    0.00   90.95
10:25:57 AM    0    2.53    0.00    0.00    0.00    0.00    0.00    0.00    0.00    0.00   97.47
10:25:57 AM    1    0.00    0.00    0.00    0.00    0.00    0.00    0.00    0.00    0.00  100.00
10:25:57 AM    2    2.01    0.00    0.00    0.00    0.00    0.00    0.00    0.00    0.00   97.99
10:25:57 AM    3    0.50    0.00    0.00    0.00    0.00    0.00    0.00    0.00    0.00   99.50
10:25:57 AM    4   22.50    0.00    0.00    0.00    0.00    0.00    0.00    0.00    0.00   77.50
10:25:57 AM    5    0.50    0.00    0.50    0.00    0.00    0.00    0.00    0.00    0.00   99.00
10:25:57 AM    6    1.01    0.00    0.51    0.00    0.00    0.00    0.00    0.00    0.00   98.48
10:25:57 AM    7    0.00    0.00    0.00    0.00    0.00    0.00    0.00    0.00    0.00  100.00
10:25:57 AM    8    0.00    0.00    0.00    0.00    0.00    0.00    0.00    0.00    0.00  100.00
10:25:57 AM    9    0.00    0.00    0.00    0.00    0.00    0.00    0.00    0.00    0.00  100.00
10:25:57 AM   10   77.89    0.00    0.00    0.00    0.00    0.00    0.00    0.00    0.00   22.11
10:25:57 AM   11    0.50    0.00    0.00    0.00    0.00    0.00    0.00    0.00    0.00   99.50

10:25:57 AM  CPU    %usr   %nice    %sys %iowait    %irq   %soft  %steal  %guest  %gnice   %idle
10:25:59 AM  all   11.37    0.00    0.25    0.00    0.00    0.00    0.00    0.00    0.00   88.38
10:25:59 AM    0    7.54    0.00    0.50    0.00    0.00    0.00    0.00    0.00    0.00   91.96
10:25:59 AM    1    2.01    0.00    0.00    0.00    0.00    0.00    0.00    0.00    0.00   97.99
10:25:59 AM    2    5.03    0.00    0.50    0.00    0.00    0.00    0.00    0.00    0.00   94.47
10:25:59 AM    3    2.49    0.00    0.50    0.00    0.00    0.00    0.00    0.00    0.00   97.01
10:25:59 AM    4   38.69    0.00    0.00    0.00    0.00    0.00    0.00    0.00    0.00   61.31
10:25:59 AM    5    2.01    0.00    0.00    0.00    0.00    0.00    0.00    0.00    0.00   97.99
10:25:59 AM    6   11.62    0.00    0.51    0.00    0.00    0.00    0.00    0.00    0.00   87.88
10:25:59 AM    7    2.00    0.00    0.00    0.00    0.00    0.00    0.00    0.00    0.00   98.00
10:25:59 AM    8    1.99    0.00    0.50    0.00    0.00    0.00    0.00    0.00    0.00   97.51
10:25:59 AM    9    1.51    0.00    0.50    0.00    0.00    0.00    0.00    0.00    0.00   97.99
10:25:59 AM   10   59.70    0.00    0.00    0.00    0.00    0.00    0.00    0.00    0.00   40.30
10:25:59 AM   11    1.52    0.00    0.00    0.00    0.00    0.00    0.00    0.00    0.00   98.48

10:25:59 AM  CPU    %usr   %nice    %sys %iowait    %irq   %soft  %steal  %guest  %gnice   %idle
10:26:01 AM  all   12.28    0.00    0.38    0.00    0.00    0.00    0.00    0.00    0.00   87.34
10:26:01 AM    0   26.63    0.00    0.50    0.00    0.00    0.00    0.00    0.00    0.00   72.86
10:26:01 AM    1    3.52    0.00    0.00    0.00    0.00    0.00    0.00    0.00    0.00   96.48
10:26:01 AM    2    6.97    0.00    0.50    0.00    0.00    0.00    0.00    0.00    0.00   92.54
10:26:01 AM    3    2.51    0.00    0.00    0.00    0.00    0.00    0.00    0.00    0.00   97.49
10:26:01 AM    4   24.88    0.00    0.50    0.00    0.00    0.00    0.00    0.00    0.00   74.63
10:26:01 AM    5    2.50    0.00    0.50    0.00    0.00    0.00    0.00    0.00    0.00   97.00
10:26:01 AM    6    3.05    0.00    0.51    0.00    0.00    0.00    0.00    0.00    0.00   96.45
10:26:01 AM    7    3.00    0.00    0.50    0.00    0.00    0.00    0.00    0.00    0.00   96.50
10:26:01 AM    8    2.01    0.00    0.00    0.00    0.00    0.00    0.00    0.00    0.00   97.99
10:26:01 AM    9    3.00    0.00    0.50    0.00    0.00    0.00    0.00    0.00    0.00   96.50
10:26:01 AM   10   65.00    0.00    0.50    0.00    0.00    0.00    0.00    0.00    0.00   34.50
10:26:01 AM   11    4.02    0.00    0.50    0.00    0.00    0.00    0.00    0.00    0.00   95.48

10:26:01 AM  CPU    %usr   %nice    %sys %iowait    %irq   %soft  %steal  %guest  %gnice   %idle
10:26:03 AM  all   11.97    0.00    0.67    0.00    0.00    0.00    0.00    0.00    0.00   87.36
10:26:03 AM    0   43.22    0.00    0.50    0.00    0.00    0.00    0.00    0.00    0.00   56.28
10:26:03 AM    1    1.49    0.00    1.00    0.00    0.00    0.00    0.00    0.00    0.00   97.51
10:26:03 AM    2    4.50    0.00    0.50    0.00    0.00    0.00    0.00    0.00    0.00   95.00
10:26:03 AM    3    4.00    0.00    0.50    0.00    0.00    0.00    0.00    0.00    0.00   95.50
10:26:03 AM    4   65.83    0.00    0.00    0.00    0.00    0.00    0.00    0.00    0.00   34.17
10:26:03 AM    5    4.50    0.00    0.50    0.00    0.00    0.00    0.00    0.00    0.00   95.00
10:26:03 AM    6    2.03    0.00    0.51    0.00    0.00    0.00    0.00    0.00    0.00   97.46
10:26:03 AM    7    2.02    0.00    0.00    0.00    0.00    0.00    0.00    0.00    0.00   97.98
10:26:03 AM    8    3.50    0.00    0.50    0.00    0.00    0.00    0.00    0.00    0.00   96.00
10:26:03 AM    9    1.51    0.00    0.50    0.00    0.00    0.00    0.00    0.00    0.00   97.99
10:26:03 AM   10    8.33    0.00    2.94    0.00    0.00    0.00    0.00    0.00    0.00   88.73
10:26:03 AM   11    3.00    0.00    0.50    0.00    0.00    0.00    0.00    0.00    0.00   96.50

10:26:03 AM  CPU    %usr   %nice    %sys %iowait    %irq   %soft  %steal  %guest  %gnice   %idle
10:26:05 AM  all   11.28    0.00    0.21    0.08    0.00    0.08    0.00    0.00    0.00   88.35
10:26:05 AM    0   76.00    0.00    0.50    0.00    0.00    0.00    0.00    0.00    0.00   23.50
10:26:05 AM    1    3.50    0.00    0.00    0.00    0.00    0.50    0.00    0.00    0.00   96.00
10:26:05 AM    2    4.98    0.00    0.50    0.00    0.00    0.50    0.00    0.00    0.00   94.03
10:26:05 AM    3    2.51    0.00    0.00    0.50    0.00    0.00    0.00    0.00    0.00   96.98
10:26:05 AM    4   14.50    0.00    0.50    0.00    0.00    0.00    0.00    0.00    0.00   85.00
10:26:05 AM    5    2.51    0.00    0.00    0.00    0.00    0.00    0.00    0.00    0.00   97.49
10:26:05 AM    6    2.53    0.00    0.00    0.51    0.00    0.00    0.00    0.00    0.00   96.97
10:26:05 AM    7    3.00    0.00    0.50    0.00    0.00    0.00    0.00    0.00    0.00   96.50
10:26:05 AM    8    2.01    0.00    0.00    0.00    0.00    0.00    0.00    0.00    0.00   97.99
10:26:05 AM    9    2.51    0.00    0.00    0.00    0.00    0.00    0.00    0.00    0.00   97.49
10:26:05 AM   10   18.18    0.00    0.00    0.00    0.00    0.00    0.00    0.00    0.00   81.82
10:26:05 AM   11    2.99    0.00    0.50    0.00    0.00    0.00    0.00    0.00    0.00   96.52

10:26:05 AM  CPU    %usr   %nice    %sys %iowait    %irq   %soft  %steal  %guest  %gnice   %idle
10:26:07 AM  all   12.19    0.00    0.42    0.00    0.00    0.04    0.00    0.00    0.00   87.35
10:26:07 AM    0   22.00    0.00    0.50    0.00    0.00    0.00    0.00    0.00    0.00   77.50
10:26:07 AM    1    3.00    0.00    0.50    0.00    0.00    0.00    0.00    0.00    0.00   96.50
10:26:07 AM    2    5.05    0.00    0.51    0.00    0.00    0.00    0.00    0.00    0.00   94.44
10:26:07 AM    3    2.50    0.00    1.00    0.00    0.00    0.00    0.00    0.00    0.00   96.50
10:26:07 AM    4   74.50    0.00    0.00    0.00    0.00    0.00    0.00    0.00    0.00   25.50
10:26:07 AM    5    3.52    0.00    0.00    0.00    0.00    0.00    0.00    0.00    0.00   96.48
10:26:07 AM    6   11.50    0.00    2.00    0.00    0.00    0.00    0.00    0.00    0.00   86.50
10:26:07 AM    7    3.00    0.00    0.00    0.00    0.00    0.00    0.00    0.00    0.00   97.00
10:26:07 AM    8    3.02    0.00    0.00    0.00    0.00    0.00    0.00    0.00    0.00   96.98
10:26:07 AM    9    2.49    0.00    0.50    0.00    0.00    0.00    0.00    0.00    0.00   97.01
10:26:07 AM   10   13.93    0.00    0.00    0.00    0.00    0.50    0.00    0.00    0.00   85.57
10:26:07 AM   11    1.52    0.00    0.00    0.00    0.00    0.00    0.00    0.00    0.00   98.48

10:26:07 AM  CPU    %usr   %nice    %sys %iowait    %irq   %soft  %steal  %guest  %gnice   %idle
10:26:09 AM  all   12.80    0.00    0.93    0.00    0.00    0.00    0.00    0.00    0.00   86.27
10:26:09 AM    0   10.61    0.00    1.01    0.00    0.00    0.00    0.00    0.00    0.00   88.38
10:26:09 AM    1    3.54    0.00    0.51    0.00    0.00    0.00    0.00    0.00    0.00   95.96
10:26:09 AM    2    4.02    0.00    1.51    0.00    0.00    0.00    0.00    0.00    0.00   94.47
10:26:09 AM    3    3.03    0.00    1.01    0.00    0.00    0.00    0.00    0.00    0.00   95.96
10:26:09 AM    4   74.75    0.00    0.51    0.00    0.00    0.00    0.00    0.00    0.00   24.75
10:26:09 AM    5    5.53    0.00    0.50    0.00    0.00    0.00    0.00    0.00    0.00   93.97
10:26:09 AM    6   32.49    0.00    0.51    0.00    0.00    0.00    0.00    0.00    0.00   67.01
10:26:09 AM    7    3.03    0.00    1.01    0.00    0.00    0.00    0.00    0.00    0.00   95.96
10:26:09 AM    8    5.03    0.00    1.01    0.00    0.00    0.00    0.00    0.00    0.00   93.97
10:26:09 AM    9    3.54    0.00    0.51    0.00    0.00    0.00    0.00    0.00    0.00   95.96
10:26:09 AM   10    5.05    0.00    2.02    0.00    0.00    0.00    0.00    0.00    0.00   92.93
10:26:09 AM   11    3.08    0.00    1.03    0.00    0.00    0.00    0.00    0.00    0.00   95.90

10:26:09 AM  CPU    %usr   %nice    %sys %iowait    %irq   %soft  %steal  %guest  %gnice   %idle
10:26:11 AM  all   10.12    0.00    0.21    0.04    0.00    0.00    0.00    0.00    0.00   89.63
10:26:11 AM    0    2.01    0.00    0.50    0.00    0.00    0.00    0.00    0.00    0.00   97.49
10:26:11 AM    1    2.51    0.00    0.00    0.00    0.00    0.00    0.00    0.00    0.00   97.49
10:26:11 AM    2    2.01    0.00    0.00    0.50    0.00    0.00    0.00    0.00    0.00   97.49
10:26:11 AM    3    1.52    0.00    0.00    0.00    0.00    0.00    0.00    0.00    0.00   98.48
10:26:11 AM    4   84.50    0.00    0.00    0.00    0.00    0.00    0.00    0.00    0.00   15.50
10:26:11 AM    5    1.51    0.00    0.50    0.00    0.00    0.00    0.00    0.00    0.00   97.99
10:26:11 AM    6    5.61    0.00    0.51    0.00    0.00    0.00    0.00    0.00    0.00   93.88
10:26:11 AM    7    1.52    0.00    0.00    0.00    0.00    0.00    0.00    0.00    0.00   98.48
10:26:11 AM    8    2.50    0.00    0.50    0.00    0.00    0.00    0.00    0.00    0.00   97.00
10:26:11 AM    9    1.51    0.00    0.00    0.00    0.00    0.00    0.00    0.00    0.00   98.49
10:26:11 AM   10   14.00    0.00    0.50    0.00    0.00    0.00    0.00    0.00    0.00   85.50
10:26:11 AM   11    1.54    0.00    0.00    0.00    0.00    0.00    0.00    0.00    0.00   98.46

10:26:11 AM  CPU    %usr   %nice    %sys %iowait    %irq   %soft  %steal  %guest  %gnice   %idle
10:26:13 AM  all    9.17    0.00    0.38    0.04    0.00    0.00    0.00    0.00    0.00   90.41
10:26:13 AM    0   31.82    0.00    0.00    0.00    0.00    0.00    0.00    0.00    0.00   68.18
10:26:13 AM    1    0.50    0.00    0.50    0.00    0.00    0.00    0.00    0.00    0.00   98.99
10:26:13 AM    2    2.50    0.00    0.50    0.00    0.00    0.00    0.00    0.00    0.00   97.00
10:26:13 AM    3    1.01    0.00    0.50    0.00    0.00    0.00    0.00    0.00    0.00   98.49
10:26:13 AM    4   67.17    0.00    0.00    0.00    0.00    0.00    0.00    0.00    0.00   32.83
10:26:13 AM    5    2.50    0.00    0.00    0.00    0.00    0.00    0.00    0.00    0.00   97.50
10:26:13 AM    6    2.02    0.00    0.51    0.00    0.00    0.00    0.00    0.00    0.00   97.47
10:26:13 AM    7    0.00    0.00    0.50    0.00    0.00    0.00    0.00    0.00    0.00   99.50
10:26:13 AM    8    0.51    0.00    0.51    0.00    0.00    0.00    0.00    0.00    0.00   98.99
10:26:13 AM    9    0.50    0.00    1.00    0.00    0.00    0.00    0.00    0.00    0.00   98.50
10:26:13 AM   10    2.00    0.00    0.50    0.50    0.00    0.00    0.00    0.00    0.00   97.00
10:26:13 AM   11    0.00    0.00    0.00    0.00    0.00    0.00    0.00    0.00    0.00  100.00

10:26:13 AM  CPU    %usr   %nice    %sys %iowait    %irq   %soft  %steal  %guest  %gnice   %idle
10:26:15 AM  all   15.75    0.00    0.84    0.00    0.00    0.00    0.00    0.00    0.00   83.41
10:26:15 AM    0   41.21    0.00    1.01    0.00    0.00    0.00    0.00    0.00    0.00   57.79
10:26:15 AM    1    5.53    0.00    1.01    0.00    0.00    0.00    0.00    0.00    0.00   93.47
10:26:15 AM    2   16.00    0.00    2.00    0.00    0.00    0.00    0.00    0.00    0.00   82.00
10:26:15 AM    3    6.06    0.00    0.51    0.00    0.00    0.00    0.00    0.00    0.00   93.43
10:26:15 AM    4   26.13    0.00    0.50    0.00    0.00    0.00    0.00    0.00    0.00   73.37
10:26:15 AM    5    6.09    0.00    0.51    0.00    0.00    0.00    0.00    0.00    0.00   93.40
10:26:15 AM    6   10.26    0.00    0.51    0.00    0.00    0.00    0.00    0.00    0.00   89.23
10:26:15 AM    7    5.05    0.00    1.01    0.00    0.00    0.00    0.00    0.00    0.00   93.94
10:26:15 AM    8    6.03    0.00    0.50    0.00    0.00    0.00    0.00    0.00    0.00   93.47
10:26:15 AM    9    9.05    0.00    1.01    0.00    0.00    0.00    0.00    0.00    0.00   89.95
10:26:15 AM   10   52.50    0.00    0.50    0.00    0.00    0.00    0.00    0.00    0.00   47.00
10:26:15 AM   11    4.55    0.00    1.01    0.00    0.00    0.00    0.00    0.00    0.00   94.44

10:26:15 AM  CPU    %usr   %nice    %sys %iowait    %irq   %soft  %steal  %guest  %gnice   %idle
10:26:17 AM  all    9.86    0.00    0.42    0.00    0.00    0.00    0.00    0.00    0.00   89.72
10:26:17 AM    0    5.56    0.00    0.51    0.00    0.00    0.00    0.00    0.00    0.00   93.94
10:26:17 AM    1    1.01    0.00    0.00    0.00    0.00    0.00    0.00    0.00    0.00   98.99
10:26:17 AM    2    2.53    0.00    0.51    0.00    0.00    0.00    0.00    0.00    0.00   96.97
10:26:17 AM    3    1.50    0.00    0.50    0.00    0.00    0.00    0.00    0.00    0.00   98.00
10:26:17 AM    4   95.00    0.00    0.50    0.00    0.00    0.00    0.00    0.00    0.00    4.50
10:26:17 AM    5    3.03    0.00    0.51    0.00    0.00    0.00    0.00    0.00    0.00   96.46
10:26:17 AM    6    5.56    0.00    1.01    0.00    0.00    0.00    0.00    0.00    0.00   93.43
10:26:17 AM    7    0.50    0.00    0.50    0.00    0.00    0.00    0.00    0.00    0.00   99.00
10:26:17 AM    8    1.01    0.00    0.00    0.00    0.00    0.00    0.00    0.00    0.00   98.99
10:26:17 AM    9    1.01    0.00    0.50    0.00    0.00    0.00    0.00    0.00    0.00   98.49
10:26:17 AM   10    0.00    0.00    0.00    0.00    0.00    0.00    0.00    0.00    0.00  100.00
10:26:17 AM   11    1.01    0.00    0.51    0.00    0.00    0.00    0.00    0.00    0.00   98.48

10:26:17 AM  CPU    %usr   %nice    %sys %iowait    %irq   %soft  %steal  %guest  %gnice   %idle
10:26:19 AM  all   11.44    0.00    1.56    0.00    0.00    0.00    0.00    0.00    0.00   87.00
10:26:19 AM    0   28.14    0.00    1.01    0.00    0.00    0.00    0.00    0.00    0.00   70.85
10:26:19 AM    1    1.51    0.00    1.01    0.00    0.00    0.00    0.00    0.00    0.00   97.49
10:26:19 AM    2    5.05    0.00    2.02    0.00    0.00    0.00    0.00    0.00    0.00   92.93
10:26:19 AM    3    3.55    0.00    1.02    0.00    0.00    0.00    0.00    0.00    0.00   95.43
10:26:19 AM    4   74.37    0.00    1.01    0.00    0.00    0.00    0.00    0.00    0.00   24.62
10:26:19 AM    5    7.00    0.00    3.50    0.00    0.00    0.00    0.00    0.00    0.00   89.50
10:26:19 AM    6    5.56    0.00    2.02    0.00    0.00    0.00    0.00    0.00    0.00   92.42
10:26:19 AM    7    1.02    0.00    0.51    0.00    0.00    0.00    0.00    0.00    0.00   98.47
10:26:19 AM    8    1.52    0.00    1.01    0.00    0.00    0.00    0.00    0.00    0.00   97.47
10:26:19 AM    9    5.03    0.00    1.51    0.00    0.00    0.00    0.00    0.00    0.00   93.47
10:26:19 AM   10    2.01    0.00    1.01    0.00    0.00    0.00    0.00    0.00    0.00   96.98
10:26:19 AM   11    2.05    0.00    3.08    0.00    0.00    0.00    0.00    0.00    0.00   94.87

10:26:19 AM  CPU    %usr   %nice    %sys %iowait    %irq   %soft  %steal  %guest  %gnice   %idle
10:26:21 AM  all    8.98    0.00    0.38    0.04    0.00    0.00    0.00    0.00    0.00   90.61
10:26:21 AM    0   73.87    0.00    0.00    0.00    0.00    0.00    0.00    0.00    0.00   26.13
10:26:21 AM    1    0.50    0.00    0.00    0.00    0.00    0.00    0.00    0.00    0.00   99.50
10:26:21 AM    2    2.51    0.00    0.50    0.00    0.00    0.00    0.00    0.00    0.00   96.98
10:26:21 AM    3    1.00    0.00    0.00    0.00    0.00    0.00    0.00    0.00    0.00   99.00
10:26:21 AM    4   24.88    0.00    1.00    0.00    0.00    0.00    0.00    0.00    0.00   74.13
10:26:21 AM    5    1.50    0.00    1.00    0.00    0.00    0.00    0.00    0.00    0.00   97.50
10:26:21 AM    6    1.00    0.00    1.00    0.50    0.00    0.00    0.00    0.00    0.00   97.50
10:26:21 AM    7    0.50    0.00    0.00    0.00    0.00    0.00    0.00    0.00    0.00   99.50
10:26:21 AM    8    1.00    0.00    0.50    0.00    0.00    0.00    0.00    0.00    0.00   98.51
10:26:21 AM    9    0.00    0.00    0.00    0.00    0.00    0.00    0.00    0.00    0.00  100.00
10:26:21 AM   10    1.01    0.00    0.00    0.00    0.00    0.00    0.00    0.00    0.00   98.99
10:26:21 AM   11    0.00    0.00    0.50    0.00    0.00    0.00    0.00    0.00    0.00   99.50

10:26:21 AM  CPU    %usr   %nice    %sys %iowait    %irq   %soft  %steal  %guest  %gnice   %idle
10:26:23 AM  all    8.81    0.00    0.25    0.00    0.00    0.00    0.00    0.00    0.00   90.94
10:26:23 AM    0   10.40    0.00    1.98    0.00    0.00    0.00    0.00    0.00    0.00   87.62
10:26:23 AM    1    0.50    0.00    0.00    0.00    0.00    0.00    0.00    0.00    0.00   99.50
10:26:23 AM    2    1.01    0.00    0.00    0.00    0.00    0.00    0.00    0.00    0.00   98.99
10:26:23 AM    3    0.00    0.00    0.50    0.00    0.00    0.00    0.00    0.00    0.00   99.50
10:26:23 AM    4   90.00    0.00    0.00    0.00    0.00    0.00    0.00    0.00    0.00   10.00
10:26:23 AM    5    0.50    0.00    0.00    0.00    0.00    0.00    0.00    0.00    0.00   99.50
10:26:23 AM    6    1.52    0.00    0.00    0.00    0.00    0.00    0.00    0.00    0.00   98.48
10:26:23 AM    7    0.00    0.00    0.50    0.00    0.00    0.00    0.00    0.00    0.00   99.50
10:26:23 AM    8    0.00    0.00    0.00    0.00    0.00    0.00    0.00    0.00    0.00  100.00
10:26:23 AM    9    1.00    0.00    0.00    0.00    0.00    0.00    0.00    0.00    0.00   99.00
10:26:23 AM   10    0.50    0.00    0.00    0.00    0.00    0.00    0.00    0.00    0.00   99.50
10:26:23 AM   11    0.00    0.00    0.00    0.00    0.00    0.00    0.00    0.00    0.00  100.00

10:26:23 AM  CPU    %usr   %nice    %sys %iowait    %irq   %soft  %steal  %guest  %gnice   %idle
10:26:25 AM  all   10.07    0.00    0.54    0.00    0.00    0.00    0.00    0.00    0.00   89.38
10:26:25 AM    0    4.52    0.00    0.00    0.00    0.00    0.00    0.00    0.00    0.00   95.48
10:26:25 AM    1    1.50    0.00    0.50    0.00    0.00    0.00    0.00    0.00    0.00   98.00
10:26:25 AM    2    1.00    0.00    0.50    0.00    0.00    0.00    0.00    0.00    0.00   98.50
10:26:25 AM    3    3.00    0.00    0.00    0.00    0.00    0.00    0.00    0.00    0.00   97.00
10:26:25 AM    4   10.34    0.00    1.97    0.00    0.00    0.00    0.00    0.00    0.00   87.68
10:26:25 AM    5    1.50    0.00    1.00    0.00    0.00    0.00    0.00    0.00    0.00   97.50
10:26:25 AM    6   89.00    0.00    0.00    0.00    0.00    0.00    0.00    0.00    0.00   11.00
10:26:25 AM    7    2.50    0.00    0.00    0.00    0.00    0.00    0.00    0.00    0.00   97.50
10:26:25 AM    8    2.00    0.00    0.50    0.00    0.00    0.00    0.00    0.00    0.00   97.50
10:26:25 AM    9    0.50    0.00    1.00    0.00    0.00    0.00    0.00    0.00    0.00   98.50
10:26:25 AM   10    3.00    0.00    0.50    0.00    0.00    0.00    0.00    0.00    0.00   96.50
10:26:25 AM   11    2.00    0.00    0.50    0.00    0.00    0.00    0.00    0.00    0.00   97.50

10:26:25 AM  CPU    %usr   %nice    %sys %iowait    %irq   %soft  %steal  %guest  %gnice   %idle
10:26:27 AM  all    9.64    0.00    0.21    0.08    0.00    0.00    0.00    0.00    0.00   90.07
10:26:27 AM    0   13.57    0.00    0.00    0.00    0.00    0.00    0.00    0.00    0.00   86.43
10:26:27 AM    1    1.50    0.00    0.00    0.50    0.00    0.00    0.00    0.00    0.00   98.00
10:26:27 AM    2    2.50    0.00    1.00    0.00    0.00    0.00    0.00    0.00    0.00   96.50
10:26:27 AM    3    1.50    0.00    0.00    0.50    0.00    0.00    0.00    0.00    0.00   98.00
10:26:27 AM    4   15.50    0.00    1.00    0.00    0.00    0.00    0.00    0.00    0.00   83.50
10:26:27 AM    5    2.00    0.00    0.00    0.00    0.00    0.00    0.00    0.00    0.00   98.00
10:26:27 AM    6   73.37    0.00    0.00    0.00    0.00    0.00    0.00    0.00    0.00   26.63
10:26:27 AM    7    0.50    0.00    0.00    0.00    0.00    0.00    0.00    0.00    0.00   99.50
10:26:27 AM    8    1.01    0.00    0.00    0.00    0.00    0.00    0.00    0.00    0.00   98.99
10:26:27 AM    9    1.50    0.00    0.00    0.00    0.00    0.00    0.00    0.00    0.00   98.50
10:26:27 AM   10    1.50    0.00    0.50    0.00    0.00    0.00    0.00    0.00    0.00   98.00
10:26:27 AM   11    1.51    0.00    0.00    0.00    0.00    0.00    0.00    0.00    0.00   98.49

10:26:27 AM  CPU    %usr   %nice    %sys %iowait    %irq   %soft  %steal  %guest  %gnice   %idle
10:26:29 AM  all    8.47    0.00    0.29    0.00    0.00    0.00    0.00    0.00    0.00   91.24
10:26:29 AM    0    1.00    0.00    1.00    0.00    0.00    0.00    0.00    0.00    0.00   98.01
10:26:29 AM    1    0.00    0.00    0.00    0.00    0.00    0.00    0.00    0.00    0.00  100.00
10:26:29 AM    2    1.51    0.00    0.00    0.00    0.00    0.00    0.00    0.00    0.00   98.49
10:26:29 AM    3    0.50    0.00    0.50    0.00    0.00    0.00    0.00    0.00    0.00   99.00
10:26:29 AM    4   98.50    0.00    0.00    0.00    0.00    0.00    0.00    0.00    0.00    1.50
10:26:29 AM    5    0.00    0.00    0.50    0.00    0.00    0.00    0.00    0.00    0.00   99.50
10:26:29 AM    6    0.00    0.00    0.51    0.00    0.00    0.00    0.00    0.00    0.00   99.49
10:26:29 AM    7    0.00    0.00    0.50    0.00    0.00    0.00    0.00    0.00    0.00   99.50
10:26:29 AM    8    0.00    0.00    0.00    0.00    0.00    0.00    0.00    0.00    0.00  100.00
10:26:29 AM    9    0.00    0.00    0.00    0.00    0.00    0.00    0.00    0.00    0.00  100.00
10:26:29 AM   10    0.00    0.00    0.50    0.00    0.00    0.00    0.00    0.00    0.00   99.50
10:26:29 AM   11    0.00    0.00    0.00    0.00    0.00    0.00    0.00    0.00    0.00  100.00

10:26:29 AM  CPU    %usr   %nice    %sys %iowait    %irq   %soft  %steal  %guest  %gnice   %idle
10:26:31 AM  all    8.63    0.00    0.17    0.04    0.00    0.00    0.00    0.00    0.00   91.16
10:26:31 AM    0    1.00    0.00    1.49    0.00    0.00    0.00    0.00    0.00    0.00   97.51
10:26:31 AM    1    0.00    0.00    0.00    0.00    0.00    0.00    0.00    0.00    0.00  100.00
10:26:31 AM    2    0.50    0.00    0.50    0.00    0.00    0.00    0.00    0.00    0.00   99.00
10:26:31 AM    3    0.50    0.00    0.00    0.00    0.00    0.00    0.00    0.00    0.00   99.50
10:26:31 AM    4   23.50    0.00    0.00    0.00    0.00    0.00    0.00    0.00    0.00   76.50
10:26:31 AM    5    0.50    0.00    0.00    0.00    0.00    0.00    0.00    0.00    0.00   99.50
10:26:31 AM    6    0.51    0.00    0.00    0.00    0.00    0.00    0.00    0.00    0.00   99.49
10:26:31 AM    7    0.00    0.00    0.00    0.50    0.00    0.00    0.00    0.00    0.00   99.50
10:26:31 AM    8    0.50    0.00    0.00    0.00    0.00    0.00    0.00    0.00    0.00   99.50
10:26:31 AM    9    0.00    0.00    0.00    0.00    0.00    0.00    0.00    0.00    0.00  100.00
10:26:31 AM   10   76.50    0.00    0.00    0.00    0.00    0.00    0.00    0.00    0.00   23.50
10:26:31 AM   11    0.00    0.00    0.00    0.00    0.00    0.00    0.00    0.00    0.00  100.00

10:26:31 AM  CPU    %usr   %nice    %sys %iowait    %irq   %soft  %steal  %guest  %gnice   %idle
10:26:33 AM  all    8.59    0.00    0.29    0.00    0.00    0.00    0.00    0.00    0.00   91.12
10:26:33 AM    0    1.48    0.00    1.97    0.00    0.00    0.00    0.00    0.00    0.00   96.55
10:26:33 AM    1    0.00    0.00    0.00    0.00    0.00    0.00    0.00    0.00    0.00  100.00
10:26:33 AM    2    0.50    0.00    0.50    0.00    0.00    0.00    0.00    0.00    0.00   99.00
10:26:33 AM    3    0.00    0.00    0.00    0.00    0.00    0.00    0.00    0.00    0.00  100.00
10:26:33 AM    4    0.00    0.00    0.00    0.00    0.00    0.00    0.00    0.00    0.00  100.00
10:26:33 AM    5    0.00    0.00    0.00    0.00    0.00    0.00    0.00    0.00    0.00  100.00
10:26:33 AM    6    0.50    0.00    0.50    0.00    0.00    0.00    0.00    0.00    0.00   99.00
10:26:33 AM    7    0.50    0.00    0.00    0.00    0.00    0.00    0.00    0.00    0.00   99.50
10:26:33 AM    8    0.00    0.00    0.00    0.00    0.00    0.00    0.00    0.00    0.00  100.00
10:26:33 AM    9    0.00    0.00    0.00    0.00    0.00    0.00    0.00    0.00    0.00  100.00
10:26:33 AM   10  100.00    0.00    0.00    0.00    0.00    0.00    0.00    0.00    0.00    0.00
10:26:33 AM   11    0.00    0.00    0.50    0.00    0.00    0.00    0.00    0.00    0.00   99.50

10:26:33 AM  CPU    %usr   %nice    %sys %iowait    %irq   %soft  %steal  %guest  %gnice   %idle
10:26:35 AM  all    8.62    0.00    0.25    0.04    0.00    0.08    0.00    0.00    0.00   91.00
10:26:35 AM    0    1.00    0.00    0.00    0.00    0.00    0.50    0.00    0.00    0.00   98.50
10:26:35 AM    1    0.00    0.00    0.00    0.50    0.00    0.50    0.00    0.00    0.00   99.00
10:26:35 AM    2    1.01    0.00    0.00    0.00    0.00    0.00    0.00    0.00    0.00   98.99
10:26:35 AM    3    0.50    0.00    0.00    0.00    0.00    0.00    0.00    0.00    0.00   99.50
10:26:35 AM    4    0.00    0.00    0.00    0.00    0.00    0.00    0.00    0.00    0.00  100.00
10:26:35 AM    5    0.50    0.00    0.00    0.00    0.00    0.00    0.00    0.00    0.00   99.50
10:26:35 AM    6    0.50    0.00    1.99    0.00    0.00    0.00    0.00    0.00    0.00   97.51
10:26:35 AM    7    0.00    0.00    0.50    0.00    0.00    0.00    0.00    0.00    0.00   99.50
10:26:35 AM    8    0.00    0.00    0.00    0.00    0.00    0.00    0.00    0.00    0.00  100.00
10:26:35 AM    9    0.00    0.00    0.50    0.00    0.00    0.00    0.00    0.00    0.00   99.50
10:26:35 AM   10  100.00    0.00    0.00    0.00    0.00    0.00    0.00    0.00    0.00    0.00
10:26:35 AM   11    0.00    0.00    0.00    0.00    0.00    0.00    0.00    0.00    0.00  100.00

10:26:35 AM  CPU    %usr   %nice    %sys %iowait    %irq   %soft  %steal  %guest  %gnice   %idle
10:26:37 AM  all    8.62    0.00    0.29    0.00    0.00    0.00    0.00    0.00    0.00   91.09
10:26:37 AM    0    1.50    0.00    0.50    0.00    0.00    0.00    0.00    0.00    0.00   98.00
10:26:37 AM    1    0.00    0.00    0.00    0.00    0.00    0.00    0.00    0.00    0.00  100.00
10:26:37 AM    2    1.00    0.00    0.50    0.00    0.00    0.00    0.00    0.00    0.00   98.51
10:26:37 AM    3    0.50    0.00    0.50    0.00    0.00    0.00    0.00    0.00    0.00   99.00
10:26:37 AM    4    0.00    0.00    0.00    0.00    0.00    0.00    0.00    0.00    0.00  100.00
10:26:37 AM    5    0.00    0.00    0.00    0.00    0.00    0.00    0.00    0.00    0.00  100.00
10:26:37 AM    6    0.00    0.00    2.00    0.00    0.00    0.00    0.00    0.00    0.00   98.00
10:26:37 AM    7    0.50    0.00    0.00    0.00    0.00    0.00    0.00    0.00    0.00   99.50
10:26:37 AM    8    0.00    0.00    0.00    0.00    0.00    0.00    0.00    0.00    0.00  100.00
10:26:37 AM    9    0.00    0.00    0.00    0.00    0.00    0.00    0.00    0.00    0.00  100.00
10:26:37 AM   10  100.00    0.00    0.00    0.00    0.00    0.00    0.00    0.00    0.00    0.00
10:26:37 AM   11    0.00    0.00    0.00    0.00    0.00    0.00    0.00    0.00    0.00  100.00

10:26:37 AM  CPU    %usr   %nice    %sys %iowait    %irq   %soft  %steal  %guest  %gnice   %idle
10:26:39 AM  all   10.60    0.00    0.42    0.00    0.00    0.04    0.00    0.00    0.00   88.94
10:26:39 AM    0    4.00    0.00    1.50    0.00    0.00    0.00    0.00    0.00    0.00   94.50
10:26:39 AM    1    1.99    0.00    0.50    0.00    0.00    0.00    0.00    0.00    0.00   97.51
10:26:39 AM    2    2.50    0.00    0.50    0.00    0.00    0.00    0.00    0.00    0.00   97.00
10:26:39 AM    3    4.55    0.00    0.51    0.00    0.00    0.00    0.00    0.00    0.00   94.95
10:26:39 AM    4    4.50    0.00    0.00    0.00    0.00    0.00    0.00    0.00    0.00   95.50
10:26:39 AM    5    4.50    0.00    0.50    0.00    0.00    0.00    0.00    0.00    0.00   95.00
10:26:39 AM    6    2.51    0.00    1.01    0.00    0.00    0.00    0.00    0.00    0.00   96.48
10:26:39 AM    7    1.51    0.00    0.00    0.00    0.00    0.00    0.00    0.00    0.00   98.49
10:26:39 AM    8    2.01    0.00    0.00    0.00    0.00    0.00    0.00    0.00    0.00   97.99
10:26:39 AM    9    1.50    0.00    0.00    0.00    0.00    0.00    0.00    0.00    0.00   98.50
10:26:39 AM   10   95.50    0.00    0.00    0.00    0.00    0.50    0.00    0.00    0.00    4.00
10:26:39 AM   11    2.00    0.00    0.50    0.00    0.00    0.00    0.00    0.00    0.00   97.50

10:26:39 AM  CPU    %usr   %nice    %sys %iowait    %irq   %soft  %steal  %guest  %gnice   %idle
10:26:41 AM  all    9.39    0.00    0.42    0.00    0.00    0.00    0.00    0.00    0.00   90.19
10:26:41 AM    0   15.92    0.00    1.00    0.00    0.00    0.00    0.00    0.00    0.00   83.08
10:26:41 AM    1    0.00    0.00    0.00    0.00    0.00    0.00    0.00    0.00    0.00  100.00
10:26:41 AM    2    3.02    0.00    0.50    0.00    0.00    0.00    0.00    0.00    0.00   96.48
10:26:41 AM    3    2.00    0.00    0.00    0.00    0.00    0.00    0.00    0.00    0.00   98.00
10:26:41 AM    4   87.00    0.00    0.50    0.00    0.00    0.00    0.00    0.00    0.00   12.50
10:26:41 AM    5    1.50    0.00    0.50    0.00    0.00    0.00    0.00    0.00    0.00   98.00
10:26:41 AM    6    0.51    0.00    0.00    0.00    0.00    0.00    0.00    0.00    0.00   99.49
10:26:41 AM    7    0.00    0.00    0.50    0.00    0.00    0.00    0.00    0.00    0.00   99.50
10:26:41 AM    8    1.00    0.00    1.00    0.00    0.00    0.00    0.00    0.00    0.00   98.01
10:26:41 AM    9    0.50    0.00    0.00    0.00    0.00    0.00    0.00    0.00    0.00   99.50
10:26:41 AM   10    1.00    0.00    0.50    0.00    0.00    0.00    0.00    0.00    0.00   98.50
10:26:41 AM   11    0.00    0.00    0.50    0.00    0.00    0.00    0.00    0.00    0.00   99.50

10:26:41 AM  CPU    %usr   %nice    %sys %iowait    %irq   %soft  %steal  %guest  %gnice   %idle
10:26:43 AM  all    8.68    0.00    0.21    0.00    0.00    0.00    0.00    0.00    0.00   91.11
10:26:43 AM    0    1.49    0.00    1.98    0.00    0.00    0.00    0.00    0.00    0.00   96.53
10:26:43 AM    1    0.50    0.00    0.00    0.00    0.00    0.00    0.00    0.00    0.00   99.50
10:26:43 AM    2    0.50    0.00    0.50    0.00    0.00    0.00    0.00    0.00    0.00   99.00
10:26:43 AM    3    0.00    0.00    0.00    0.00    0.00    0.00    0.00    0.00    0.00  100.00
10:26:43 AM    4  100.00    0.00    0.00    0.00    0.00    0.00    0.00    0.00    0.00    0.00
10:26:43 AM    5    0.50    0.00    0.00    0.00    0.00    0.00    0.00    0.00    0.00   99.50
10:26:43 AM    6    0.51    0.00    0.00    0.00    0.00    0.00    0.00    0.00    0.00   99.49
10:26:43 AM    7    0.50    0.00    0.00    0.00    0.00    0.00    0.00    0.00    0.00   99.50
10:26:43 AM    8    0.50    0.00    0.00    0.00    0.00    0.00    0.00    0.00    0.00   99.50
10:26:43 AM    9    0.00    0.00    0.00    0.00    0.00    0.00    0.00    0.00    0.00  100.00
10:26:43 AM   10    0.00    0.00    0.00    0.00    0.00    0.00    0.00    0.00    0.00  100.00
10:26:43 AM   11    0.00    0.00    0.00    0.00    0.00    0.00    0.00    0.00    0.00  100.00

10:26:43 AM  CPU    %usr   %nice    %sys %iowait    %irq   %soft  %steal  %guest  %gnice   %idle
10:26:45 AM  all   10.51    0.00    0.50    0.04    0.00    0.00    0.00    0.00    0.00   88.94
10:26:45 AM    0    9.50    0.00    1.00    0.00    0.00    0.00    0.00    0.00    0.00   89.50
10:26:45 AM    1    2.01    0.00    0.50    0.00    0.00    0.00    0.00    0.00    0.00   97.49
10:26:45 AM    2    5.03    0.00    1.01    0.00    0.00    0.00    0.00    0.00    0.00   93.97
10:26:45 AM    3    5.50    0.00    0.00    0.00    0.00    0.00    0.00    0.00    0.00   94.50
10:26:45 AM    4   77.39    0.00    0.00    0.00    0.00    0.00    0.00    0.00    0.00   22.61
10:26:45 AM    5    1.51    0.00    0.00    0.50    0.00    0.00    0.00    0.00    0.00   97.99
10:26:45 AM    6    3.05    0.00    1.02    0.00    0.00    0.00    0.00    0.00    0.00   95.94
10:26:45 AM    7    2.00    0.00    0.50    0.00    0.00    0.00    0.00    0.00    0.00   97.50
10:26:45 AM    8    2.50    0.00    0.50    0.00    0.00    0.00    0.00    0.00    0.00   97.00
10:26:45 AM    9    2.00    0.00    0.50    0.00    0.00    0.00    0.00    0.00    0.00   97.50
10:26:45 AM   10   13.13    0.00    0.51    0.00    0.00    0.00    0.00    0.00    0.00   86.36
10:26:45 AM   11    2.54    0.00    0.51    0.00    0.00    0.00    0.00    0.00    0.00   96.95

10:26:45 AM  CPU    %usr   %nice    %sys %iowait    %irq   %soft  %steal  %guest  %gnice   %idle
10:26:47 AM  all    9.15    0.00    0.38    0.00    0.00    0.04    0.00    0.00    0.00   90.43
10:26:47 AM    0    1.01    0.00    0.50    0.00    0.00    0.00    0.00    0.00    0.00   98.49
10:26:47 AM    1    0.50    0.00    0.00    0.00    0.00    0.00    0.00    0.00    0.00   99.50
10:26:47 AM    2    1.47    0.00    2.45    0.00    0.00    0.00    0.00    0.00    0.00   96.08
10:26:47 AM    3    0.51    0.00    0.00    0.00    0.00    0.00    0.00    0.00    0.00   99.49
10:26:47 AM    4   33.00    0.00    0.00    0.00    0.00    0.00    0.00    0.00    0.00   67.00
10:26:47 AM    5    1.00    0.00    0.50    0.00    0.00    0.00    0.00    0.00    0.00   98.50
10:26:47 AM    6    2.53    0.00    0.51    0.00    0.00    0.00    0.00    0.00    0.00   96.97
10:26:47 AM    7    0.50    0.00    0.00    0.00    0.00    0.00    0.00    0.00    0.00   99.50
10:26:47 AM    8    0.50    0.00    0.00    0.00    0.00    0.00    0.00    0.00    0.00   99.50
10:26:47 AM    9    1.01    0.00    0.00    0.00    0.00    0.00    0.00    0.00    0.00   98.99
10:26:47 AM   10   66.50    0.00    0.00    0.00    0.00    0.50    0.00    0.00    0.00   33.00
10:26:47 AM   11    1.01    0.00    0.50    0.00    0.00    0.00    0.00    0.00    0.00   98.49

10:26:47 AM  CPU    %usr   %nice    %sys %iowait    %irq   %soft  %steal  %guest  %gnice   %idle
10:26:49 AM  all    9.16    0.00    0.33    0.00    0.00    0.00    0.00    0.00    0.00   90.51
10:26:49 AM    0    2.50    0.00    0.50    0.00    0.00    0.00    0.00    0.00    0.00   97.00
10:26:49 AM    1    0.50    0.00    0.50    0.00    0.00    0.00    0.00    0.00    0.00   99.00
10:26:49 AM    2    2.00    0.00    0.50    0.00    0.00    0.00    0.00    0.00    0.00   97.50
10:26:49 AM    3    0.50    0.00    0.99    0.00    0.00    0.00    0.00    0.00    0.00   98.51
10:26:49 AM    4   59.00    0.00    0.00    0.00    0.00    0.00    0.00    0.00    0.00   41.00
10:26:49 AM    5    2.00    0.00    0.00    0.00    0.00    0.00    0.00    0.00    0.00   98.00
10:26:49 AM    6    2.01    0.00    0.50    0.00    0.00    0.00    0.00    0.00    0.00   97.49
10:26:49 AM    7    0.50    0.00    0.50    0.00    0.00    0.00    0.00    0.00    0.00   99.00
10:26:49 AM    8    0.00    0.00    0.00    0.00    0.00    0.00    0.00    0.00    0.00  100.00
10:26:49 AM    9    0.50    0.00    0.50    0.00    0.00    0.00    0.00    0.00    0.00   99.01
10:26:49 AM   10   39.70    0.00    0.00    0.00    0.00    0.00    0.00    0.00    0.00   60.30
10:26:49 AM   11    1.00    0.00    0.00    0.00    0.00    0.00    0.00    0.00    0.00   99.00

10:26:49 AM  CPU    %usr   %nice    %sys %iowait    %irq   %soft  %steal  %guest  %gnice   %idle
10:26:51 AM  all    8.94    0.00    0.13    0.08    0.00    0.00    0.00    0.00    0.00   90.85
10:26:51 AM    0    2.03    0.00    0.51    0.00    0.00    0.00    0.00    0.00    0.00   97.46
10:26:51 AM    1    0.50    0.00    0.00    0.00    0.00    0.00    0.00    0.00    0.00   99.50
10:26:51 AM    2    1.51    0.00    0.00    0.00    0.00    0.00    0.00    0.00    0.00   98.49
10:26:51 AM    3    0.51    0.00    0.00    0.00    0.00    0.00    0.00    0.00    0.00   99.49
10:26:51 AM    4    0.00    0.00    0.00    0.00    0.00    0.00    0.00    0.00    0.00  100.00
10:26:51 AM    5    0.51    0.00    0.00    0.00    0.00    0.00    0.00    0.00    0.00   99.49
10:26:51 AM    6    0.51    0.00    0.51    0.00    0.00    0.00    0.00    0.00    0.00   98.98
10:26:51 AM    7    0.00    0.00    0.00    0.00    0.00    0.00    0.00    0.00    0.00  100.00
10:26:51 AM    8    0.50    0.00    0.50    0.50    0.00    0.00    0.00    0.00    0.00   98.51
10:26:51 AM    9    0.50    0.00    0.00    0.50    0.00    0.00    0.00    0.00    0.00   99.00
10:26:51 AM   10  100.00    0.00    0.00    0.00    0.00    0.00    0.00    0.00    0.00    0.00
10:26:51 AM   11    0.00    0.00    0.00    0.00    0.00    0.00    0.00    0.00    0.00  100.00

10:26:51 AM  CPU    %usr   %nice    %sys %iowait    %irq   %soft  %steal  %guest  %gnice   %idle
10:26:53 AM  all    8.70    0.00    0.42    0.00    0.00    0.00    0.00    0.00    0.00   90.88
10:26:53 AM    0    1.00    0.00    0.50    0.00    0.00    0.00    0.00    0.00    0.00   98.50
10:26:53 AM    1    0.50    0.00    0.00    0.00    0.00    0.00    0.00    0.00    0.00   99.50
10:26:53 AM    2    0.99    0.00    1.49    0.00    0.00    0.00    0.00    0.00    0.00   97.52
10:26:53 AM    3    0.00    0.00    0.50    0.00    0.00    0.00    0.00    0.00    0.00   99.50
10:26:53 AM    4    0.00    0.00    0.00    0.00    0.00    0.00    0.00    0.00    0.00  100.00
10:26:53 AM    5    0.50    0.00    0.50    0.00    0.00    0.00    0.00    0.00    0.00   99.00
10:26:53 AM    6    1.01    0.00    0.00    0.00    0.00    0.00    0.00    0.00    0.00   98.99
10:26:53 AM    7    0.50    0.00    0.50    0.00    0.00    0.00    0.00    0.00    0.00   99.00
10:26:53 AM    8    0.00    0.00    0.50    0.00    0.00    0.00    0.00    0.00    0.00   99.50
10:26:53 AM    9    0.00    0.00    0.50    0.00    0.00    0.00    0.00    0.00    0.00   99.50
10:26:53 AM   10  100.00    0.00    0.00    0.00    0.00    0.00    0.00    0.00    0.00    0.00
10:26:53 AM   11    0.00    0.00    0.50    0.00    0.00    0.00    0.00    0.00    0.00   99.50

10:26:53 AM  CPU    %usr   %nice    %sys %iowait    %irq   %soft  %steal  %guest  %gnice   %idle
10:26:55 AM  all    8.52    0.00    0.13    0.00    0.00    0.00    0.00    0.00    0.00   91.35
10:26:55 AM    0    0.51    0.00    0.00    0.00    0.00    0.00    0.00    0.00    0.00   99.49
10:26:55 AM    1    0.00    0.00    0.50    0.00    0.00    0.00    0.00    0.00    0.00   99.50
10:26:55 AM    2    0.50    0.00    0.00    0.00    0.00    0.00    0.00    0.00    0.00   99.50
10:26:55 AM    3    0.00    0.00    0.00    0.00    0.00    0.00    0.00    0.00    0.00  100.00
10:26:55 AM    4    0.00    0.00    0.00    0.00    0.00    0.00    0.00    0.00    0.00  100.00
10:26:55 AM    5    0.00    0.00    0.00    0.00    0.00    0.00    0.00    0.00    0.00  100.00
10:26:55 AM    6    0.51    0.00    0.51    0.00    0.00    0.00    0.00    0.00    0.00   98.99
10:26:55 AM    7    0.00    0.00    0.00    0.00    0.00    0.00    0.00    0.00    0.00  100.00
10:26:55 AM    8    0.50    0.00    0.50    0.00    0.00    0.00    0.00    0.00    0.00   99.00
10:26:55 AM    9    0.00    0.00    0.00    0.00    0.00    0.00    0.00    0.00    0.00  100.00
10:26:55 AM   10  100.00    0.00    0.00    0.00    0.00    0.00    0.00    0.00    0.00    0.00
10:26:55 AM   11    0.00    0.00    0.00    0.00    0.00    0.00    0.00    0.00    0.00  100.00

10:26:55 AM  CPU    %usr   %nice    %sys %iowait    %irq   %soft  %steal  %guest  %gnice   %idle
10:26:57 AM  all    8.76    0.00    0.17    0.04    0.00    0.00    0.00    0.00    0.00   91.03
10:26:57 AM    0    1.49    0.00    0.50    0.50    0.00    0.00    0.00    0.00    0.00   97.51
10:26:57 AM    1    0.00    0.00    0.00    0.00    0.00    0.00    0.00    0.00    0.00  100.00
10:26:57 AM    2    0.50    0.00    0.50    0.00    0.00    0.00    0.00    0.00    0.00   99.00
10:26:57 AM    3    0.50    0.00    0.00    0.00    0.00    0.00    0.00    0.00    0.00   99.50
10:26:57 AM    4    0.50    0.00    0.00    0.00    0.00    0.00    0.00    0.00    0.00   99.50
10:26:57 AM    5    0.50    0.00    0.00    0.00    0.00    0.00    0.00    0.00    0.00   99.50
10:26:57 AM    6    0.51    0.00    0.00    0.00    0.00    0.00    0.00    0.00    0.00   99.49
10:26:57 AM    7    0.00    0.00    0.00    0.00    0.00    0.00    0.00    0.00    0.00  100.00
10:26:57 AM    8    0.00    0.00    1.00    0.00    0.00    0.00    0.00    0.00    0.00   99.00
10:26:57 AM    9    0.50    0.00    0.00    0.00    0.00    0.00    0.00    0.00    0.00   99.50
10:26:57 AM   10  100.00    0.00    0.00    0.00    0.00    0.00    0.00    0.00    0.00    0.00
10:26:57 AM   11    0.50    0.00    0.00    0.00    0.00    0.00    0.00    0.00    0.00   99.50

10:26:57 AM  CPU    %usr   %nice    %sys %iowait    %irq   %soft  %steal  %guest  %gnice   %idle
10:26:59 AM  all    9.18    0.00    0.13    0.00    0.00    0.00    0.00    0.00    0.00   90.69
10:26:59 AM    0    5.50    0.00    0.00    0.00    0.00    0.00    0.00    0.00    0.00   94.50
10:26:59 AM    1    0.50    0.00    0.00    0.00    0.00    0.00    0.00    0.00    0.00   99.50
10:26:59 AM    2    1.01    0.00    0.00    0.00    0.00    0.00    0.00    0.00    0.00   98.99
10:26:59 AM    3    0.00    0.00    0.00    0.00    0.00    0.00    0.00    0.00    0.00  100.00
10:26:59 AM    4    0.00    0.00    0.00    0.00    0.00    0.00    0.00    0.00    0.00  100.00
10:26:59 AM    5    1.00    0.00    0.00    0.00    0.00    0.00    0.00    0.00    0.00   99.00
10:26:59 AM    6    1.01    0.00    0.51    0.00    0.00    0.00    0.00    0.00    0.00   98.48
10:26:59 AM    7    0.50    0.00    0.00    0.00    0.00    0.00    0.00    0.00    0.00   99.50
10:26:59 AM    8    0.00    0.00    1.00    0.00    0.00    0.00    0.00    0.00    0.00   99.00
10:26:59 AM    9    0.50    0.00    0.00    0.00    0.00    0.00    0.00    0.00    0.00   99.50
10:26:59 AM   10  100.00    0.00    0.00    0.00    0.00    0.00    0.00    0.00    0.00    0.00
10:26:59 AM   11    0.00    0.00    0.00    0.00    0.00    0.00    0.00    0.00    0.00  100.00

10:26:59 AM  CPU    %usr   %nice    %sys %iowait    %irq   %soft  %steal  %guest  %gnice   %idle
10:27:01 AM  all    8.65    0.00    0.13    0.00    0.00    0.00    0.00    0.00    0.00   91.23
10:27:01 AM    0    0.50    0.00    0.00    0.00    0.00    0.00    0.00    0.00    0.00   99.50
10:27:01 AM    1    0.00    0.00    0.00    0.00    0.00    0.00    0.00    0.00    0.00  100.00
10:27:01 AM    2    1.01    0.00    0.00    0.00    0.00    0.00    0.00    0.00    0.00   98.99
10:27:01 AM    3    0.50    0.00    0.00    0.00    0.00    0.00    0.00    0.00    0.00   99.50
10:27:01 AM    4   77.00    0.00    0.00    0.00    0.00    0.00    0.00    0.00    0.00   23.00
10:27:01 AM    5    0.00    0.00    0.00    0.00    0.00    0.00    0.00    0.00    0.00  100.00
10:27:01 AM    6    0.51    0.00    0.00    0.00    0.00    0.00    0.00    0.00    0.00   99.49
10:27:01 AM    7    0.00    0.00    1.00    0.00    0.00    0.00    0.00    0.00    0.00   99.00
10:27:01 AM    8    0.50    0.00    0.00    0.00    0.00    0.00    0.00    0.00    0.00   99.50
10:27:01 AM    9    0.00    0.00    0.50    0.00    0.00    0.00    0.00    0.00    0.00   99.50
10:27:01 AM   10   23.50    0.00    0.00    0.00    0.00    0.00    0.00    0.00    0.00   76.50
10:27:01 AM   11    0.00    0.00    0.00    0.00    0.00    0.00    0.00    0.00    0.00  100.00

10:27:01 AM  CPU    %usr   %nice    %sys %iowait    %irq   %soft  %steal  %guest  %gnice   %idle
10:27:03 AM  all    8.58    0.00    0.17    0.04    0.00    0.00    0.00    0.00    0.00   91.21
10:27:03 AM    0    2.01    0.00    0.00    0.00    0.00    0.00    0.00    0.00    0.00   97.99
10:27:03 AM    1    0.00    0.00    0.50    0.50    0.00    0.00    0.00    0.00    0.00   99.00
10:27:03 AM    2    0.50    0.00    0.50    0.00    0.00    0.00    0.00    0.00    0.00   99.00
10:27:03 AM    3    0.50    0.00    0.50    0.00    0.00    0.00    0.00    0.00    0.00   99.00
10:27:03 AM    4   98.50    0.00    0.00    0.00    0.00    0.00    0.00    0.00    0.00    1.50
10:27:03 AM    5    0.50    0.00    0.00    0.00    0.00    0.00    0.00    0.00    0.00   99.50
10:27:03 AM    6    0.50    0.00    0.50    0.00    0.00    0.00    0.00    0.00    0.00   98.99
10:27:03 AM    7    0.00    0.00    0.00    0.00    0.00    0.00    0.00    0.00    0.00  100.00
10:27:03 AM    8    0.00    0.00    0.00    0.00    0.00    0.00    0.00    0.00    0.00  100.00
10:27:03 AM    9    0.50    0.00    0.00    0.00    0.00    0.00    0.00    0.00    0.00   99.50
10:27:03 AM   10    0.00    0.00    0.00    0.00    0.00    0.00    0.00    0.00    0.00  100.00
10:27:03 AM   11    0.00    0.00    0.00    0.00    0.00    0.00    0.00    0.00    0.00  100.00

10:27:03 AM  CPU    %usr   %nice    %sys %iowait    %irq   %soft  %steal  %guest  %gnice   %idle
10:27:05 AM  all    8.66    0.00    0.13    0.00    0.00    0.00    0.00    0.00    0.00   91.22
10:27:05 AM    0    4.48    0.00    0.50    0.00    0.00    0.00    0.00    0.00    0.00   95.02
10:27:05 AM    1    1.00    0.00    0.00    0.00    0.00    0.00    0.00    0.00    0.00   99.00
10:27:05 AM    2    0.50    0.00    0.50    0.00    0.00    0.00    0.00    0.00    0.00   98.99
10:27:05 AM    3    0.50    0.00    0.00    0.00    0.00    0.00    0.00    0.00    0.00   99.50
10:27:05 AM    4   97.00    0.00    0.00    0.00    0.00    0.00    0.00    0.00    0.00    3.00
10:27:05 AM    5    0.00    0.00    0.50    0.00    0.00    0.00    0.00    0.00    0.00   99.50
10:27:05 AM    6    0.00    0.00    0.00    0.00    0.00    0.00    0.00    0.00    0.00  100.00
10:27:05 AM    7    0.00    0.00    0.00    0.00    0.00    0.00    0.00    0.00    0.00  100.00
10:27:05 AM    8    0.00    0.00    0.00    0.00    0.00    0.00    0.00    0.00    0.00  100.00
10:27:05 AM    9    0.00    0.00    0.00    0.00    0.00    0.00    0.00    0.00    0.00  100.00
10:27:05 AM   10    0.00    0.00    0.00    0.00    0.00    0.00    0.00    0.00    0.00  100.00
10:27:05 AM   11    0.00    0.00    0.00    0.00    0.00    0.00    0.00    0.00    0.00  100.00

10:27:05 AM  CPU    %usr   %nice    %sys %iowait    %irq   %soft  %steal  %guest  %gnice   %idle
10:27:07 AM  all    8.61    0.00    0.04    0.04    0.00    0.00    0.00    0.00    0.00   91.31
10:27:07 AM    0    0.00    0.00    0.00    0.00    0.00    0.00    0.00    0.00    0.00  100.00
10:27:07 AM    1    0.00    0.00    0.00    0.00    0.00    0.00    0.00    0.00    0.00  100.00
10:27:07 AM    2    1.01    0.00    0.00    0.00    0.00    0.00    0.00    0.00    0.00   98.99
10:27:07 AM    3    0.50    0.00    0.00    0.00    0.00    0.00    0.00    0.00    0.00   99.50
10:27:07 AM    4  100.00    0.00    0.00    0.00    0.00    0.00    0.00    0.00    0.00    0.00
10:27:07 AM    5    0.50    0.00    0.00    0.50    0.00    0.00    0.00    0.00    0.00   99.00
10:27:07 AM    6    1.02    0.00    0.00    0.00    0.00    0.00    0.00    0.00    0.00   98.98
10:27:07 AM    7    0.00    0.00    0.00    0.00    0.00    0.00    0.00    0.00    0.00  100.00
10:27:07 AM    8    0.00    0.00    0.50    0.00    0.00    0.00    0.00    0.00    0.00   99.50
10:27:07 AM    9    0.00    0.00    0.00    0.00    0.00    0.00    0.00    0.00    0.00  100.00
10:27:07 AM   10    0.00    0.00    0.00    0.00    0.00    0.00    0.00    0.00    0.00  100.00
10:27:07 AM   11    0.00    0.00    0.00    0.00    0.00    0.00    0.00    0.00    0.00  100.00

10:27:07 AM  CPU    %usr   %nice    %sys %iowait    %irq   %soft  %steal  %guest  %gnice   %idle
10:27:09 AM  all    8.49    0.00    0.00    0.00    0.00    0.00    0.00    0.00    0.00   91.51
10:27:09 AM    0    0.50    0.00    0.00    0.00    0.00    0.00    0.00    0.00    0.00   99.50
10:27:09 AM    1    0.00    0.00    0.00    0.00    0.00    0.00    0.00    0.00    0.00  100.00
10:27:09 AM    2    0.50    0.00    0.00    0.00    0.00    0.00    0.00    0.00    0.00   99.50
10:27:09 AM    3    0.00    0.00    0.00    0.00    0.00    0.00    0.00    0.00    0.00  100.00
10:27:09 AM    4  100.00    0.00    0.00    0.00    0.00    0.00    0.00    0.00    0.00    0.00
10:27:09 AM    5    0.00    0.00    0.00    0.00    0.00    0.00    0.00    0.00    0.00  100.00
10:27:09 AM    6    0.51    0.00    0.00    0.00    0.00    0.00    0.00    0.00    0.00   99.49
10:27:09 AM    7    0.00    0.00    0.00    0.00    0.00    0.00    0.00    0.00    0.00  100.00
10:27:09 AM    8    0.00    0.00    0.00    0.00    0.00    0.00    0.00    0.00    0.00  100.00
10:27:09 AM    9    0.00    0.00    0.00    0.00    0.00    0.00    0.00    0.00    0.00  100.00
10:27:09 AM   10    0.00    0.00    0.00    0.00    0.00    0.00    0.00    0.00    0.00  100.00
10:27:09 AM   11    0.00    0.00    0.00    0.00    0.00    0.00    0.00    0.00    0.00  100.00

10:27:09 AM  CPU    %usr   %nice    %sys %iowait    %irq   %soft  %steal  %guest  %gnice   %idle
10:27:11 AM  all    9.93    0.00    0.08    0.00    0.00    0.00    0.00    0.00    0.00   89.98
10:27:11 AM    0    2.01    0.00    0.00    0.00    0.00    0.00    0.00    0.00    0.00   97.99
10:27:11 AM    1    2.00    0.00    0.00    0.00    0.00    0.00    0.00    0.00    0.00   98.00
10:27:11 AM    2    3.00    0.00    0.00    0.00    0.00    0.00    0.00    0.00    0.00   97.00
10:27:11 AM    3    2.00    0.00    0.00    0.00    0.00    0.00    0.00    0.00    0.00   98.00
10:27:11 AM    4  100.00    0.00    0.00    0.00    0.00    0.00    0.00    0.00    0.00    0.00
10:27:11 AM    5    1.00    0.00    0.00    0.00    0.00    0.00    0.00    0.00    0.00   99.00
10:27:11 AM    6    2.51    0.00    0.50    0.00    0.00    0.00    0.00    0.00    0.00   96.98
10:27:11 AM    7    1.49    0.00    0.50    0.00    0.00    0.00    0.00    0.00    0.00   98.01
10:27:11 AM    8    0.50    0.00    0.00    0.00    0.00    0.00    0.00    0.00    0.00   99.50
10:27:11 AM    9    1.51    0.00    0.00    0.00    0.00    0.00    0.00    0.00    0.00   98.49
10:27:11 AM   10    1.00    0.00    0.00    0.00    0.00    0.00    0.00    0.00    0.00   99.00
10:27:11 AM   11    2.01    0.00    0.00    0.00    0.00    0.00    0.00    0.00    0.00   97.99

10:27:11 AM  CPU    %usr   %nice    %sys %iowait    %irq   %soft  %steal  %guest  %gnice   %idle
10:27:13 AM  all    8.52    0.00    0.13    0.00    0.00    0.00    0.00    0.00    0.00   91.35
10:27:13 AM    0    0.50    0.00    0.00    0.00    0.00    0.00    0.00    0.00    0.00   99.50
10:27:13 AM    1    0.50    0.00    0.00    0.00    0.00    0.00    0.00    0.00    0.00   99.50
10:27:13 AM    2    0.00    0.00    0.50    0.00    0.00    0.00    0.00    0.00    0.00   99.50
10:27:13 AM    3    1.00    0.00    0.00    0.00    0.00    0.00    0.00    0.00    0.00   99.00
10:27:13 AM    4   99.50    0.00    0.00    0.00    0.00    0.00    0.00    0.00    0.00    0.50
10:27:13 AM    5    0.00    0.00    0.00    0.00    0.00    0.00    0.00    0.00    0.00  100.00
10:27:13 AM    6    0.51    0.00    0.00    0.00    0.00    0.00    0.00    0.00    0.00   99.49
10:27:13 AM    7    0.00    0.00    0.00    0.00    0.00    0.00    0.00    0.00    0.00  100.00
10:27:13 AM    8    0.00    0.00    0.50    0.00    0.00    0.00    0.00    0.00    0.00   99.50
10:27:13 AM    9    0.00    0.00    0.00    0.00    0.00    0.00    0.00    0.00    0.00  100.00
10:27:13 AM   10    0.00    0.00    0.50    0.00    0.00    0.00    0.00    0.00    0.00   99.50
10:27:13 AM   11    0.00    0.00    0.00    0.00    0.00    0.00    0.00    0.00    0.00  100.00

10:27:13 AM  CPU    %usr   %nice    %sys %iowait    %irq   %soft  %steal  %guest  %gnice   %idle
10:27:15 AM  all    8.60    0.00    0.08    0.04    0.00    0.00    0.00    0.00    0.00   91.27
10:27:15 AM    0   33.50    0.00    0.50    0.00    0.00    0.00    0.00    0.00    0.00   66.00
10:27:15 AM    1    0.50    0.00    0.00    0.00    0.00    0.00    0.00    0.00    0.00   99.50
10:27:15 AM    2    1.00    0.00    0.00    0.50    0.00    0.00    0.00    0.00    0.00   98.50
10:27:15 AM    3    0.50    0.00    0.00    0.00    0.00    0.00    0.00    0.00    0.00   99.50
10:27:15 AM    4   66.33    0.00    0.00    0.00    0.00    0.00    0.00    0.00    0.00   33.67
10:27:15 AM    5    0.50    0.00    0.00    0.00    0.00    0.00    0.00    0.00    0.00   99.50
10:27:15 AM    6    0.50    0.00    0.50    0.00    0.00    0.00    0.00    0.00    0.00   98.99
10:27:15 AM    7    0.00    0.00    0.00    0.00    0.00    0.00    0.00    0.00    0.00  100.00
10:27:15 AM    8    0.00    0.00    0.00    0.00    0.00    0.00    0.00    0.00    0.00  100.00
10:27:15 AM    9    0.00    0.00    0.00    0.00    0.00    0.00    0.00    0.00    0.00  100.00
10:27:15 AM   10    0.50    0.00    0.00    0.00    0.00    0.00    0.00    0.00    0.00   99.50
10:27:15 AM   11    0.00    0.00    0.00    0.00    0.00    0.00    0.00    0.00    0.00  100.00

10:27:15 AM  CPU    %usr   %nice    %sys %iowait    %irq   %soft  %steal  %guest  %gnice   %idle
10:27:17 AM  all    8.60    0.00    0.04    0.04    0.00    0.00    0.00    0.00    0.00   91.32
10:27:17 AM    0   92.50    0.00    0.00    0.00    0.00    0.00    0.00    0.00    0.00    7.50
10:27:17 AM    1    0.00    0.00    0.50    0.00    0.00    0.00    0.00    0.00    0.00   99.50
10:27:17 AM    2    2.01    0.00    0.00    0.00    0.00    0.00    0.00    0.00    0.00   97.99
10:27:17 AM    3    0.50    0.00    0.00    0.00    0.00    0.00    0.00    0.00    0.00   99.50
10:27:17 AM    4    6.00    0.00    0.00    0.00    0.00    0.00    0.00    0.00    0.00   94.00
10:27:17 AM    5    0.00    0.00    0.00    0.00    0.00    0.00    0.00    0.00    0.00  100.00
10:27:17 AM    6    0.50    0.00    0.00    0.50    0.00    0.00    0.00    0.00    0.00   98.99
10:27:17 AM    7    0.00    0.00    0.00    0.00    0.00    0.00    0.00    0.00    0.00  100.00
10:27:17 AM    8    0.50    0.00    0.00    0.00    0.00    0.00    0.00    0.00    0.00   99.50
10:27:17 AM    9    0.00    0.00    0.00    0.00    0.00    0.00    0.00    0.00    0.00  100.00
10:27:17 AM   10    0.50    0.00    0.00    0.00    0.00    0.00    0.00    0.00    0.00   99.50
10:27:17 AM   11    0.50    0.00    0.00    0.00    0.00    0.00    0.00    0.00    0.00   99.50

10:27:17 AM  CPU    %usr   %nice    %sys %iowait    %irq   %soft  %steal  %guest  %gnice   %idle
10:27:19 AM  all    8.52    0.00    0.21    0.00    0.00    0.00    0.00    0.00    0.00   91.27
10:27:19 AM    0   16.58    0.00    0.00    0.00    0.00    0.00    0.00    0.00    0.00   83.42
10:27:19 AM    1    1.00    0.00    0.00    0.00    0.00    0.00    0.00    0.00    0.00   99.00
10:27:19 AM    2    3.00    0.00    0.50    0.00    0.00    0.00    0.00    0.00    0.00   96.50
10:27:19 AM    3    0.50    0.00    0.50    0.00    0.00    0.00    0.00    0.00    0.00   98.99
10:27:19 AM    4   79.50    0.00    0.00    0.00    0.00    0.00    0.00    0.00    0.00   20.50
10:27:19 AM    5    0.00    0.00    0.00    0.00    0.00    0.00    0.00    0.00    0.00  100.00
10:27:19 AM    6    0.51    0.00    0.00    0.00    0.00    0.00    0.00    0.00    0.00   99.49
10:27:19 AM    7    0.00    0.00    0.00    0.00    0.00    0.00    0.00    0.00    0.00  100.00
10:27:19 AM    8    0.00    0.00    0.50    0.00    0.00    0.00    0.00    0.00    0.00   99.50
10:27:19 AM    9    0.50    0.00    0.50    0.00    0.00    0.00    0.00    0.00    0.00   99.01
10:27:19 AM   10    0.51    0.00    0.00    0.00    0.00    0.00    0.00    0.00    0.00   99.49
10:27:19 AM   11    0.00    0.00    0.50    0.00    0.00    0.00    0.00    0.00    0.00   99.50

10:27:19 AM  CPU    %usr   %nice    %sys %iowait    %irq   %soft  %steal  %guest  %gnice   %idle
10:27:21 AM  all    9.40    0.00    0.04    0.04    0.00    0.00    0.00    0.00    0.00   90.52
10:27:21 AM    0   51.24    0.00    0.00    0.00    0.00    0.00    0.00    0.00    0.00   48.76
10:27:21 AM    1    0.50    0.00    0.00    0.50    0.00    0.00    0.00    0.00    0.00   98.99
10:27:21 AM    2    1.00    0.00    0.00    0.00    0.00    0.00    0.00    0.00    0.00   99.00
10:27:21 AM    3    1.50    0.00    0.00    0.00    0.00    0.00    0.00    0.00    0.00   98.50
10:27:21 AM    4   50.50    0.00    0.00    0.00    0.00    0.00    0.00    0.00    0.00   49.50
10:27:21 AM    5    1.49    0.00    0.50    0.00    0.00    0.00    0.00    0.00    0.00   98.01
10:27:21 AM    6    1.01    0.00    0.00    0.00    0.00    0.00    0.00    0.00    0.00   98.99
10:27:21 AM    7    1.00    0.00    0.00    0.00    0.00    0.00    0.00    0.00    0.00   99.00
10:27:21 AM    8    1.01    0.00    0.00    0.00    0.00    0.00    0.00    0.00    0.00   98.99
10:27:21 AM    9    0.50    0.00    0.00    0.00    0.00    0.00    0.00    0.00    0.00   99.50
10:27:21 AM   10    1.51    0.00    0.00    0.00    0.00    0.00    0.00    0.00    0.00   98.49
10:27:21 AM   11    1.01    0.00    0.00    0.00    0.00    0.00    0.00    0.00    0.00   98.99

10:27:21 AM  CPU    %usr   %nice    %sys %iowait    %irq   %soft  %steal  %guest  %gnice   %idle
10:27:23 AM  all    8.69    0.00    0.00    0.00    0.00    0.00    0.00    0.00    0.00   91.31
10:27:23 AM    0   29.65    0.00    0.00    0.00    0.00    0.00    0.00    0.00    0.00   70.35
10:27:23 AM    1    0.50    0.00    0.00    0.00    0.00    0.00    0.00    0.00    0.00   99.50
10:27:23 AM    2    1.01    0.00    0.00    0.00    0.00    0.00    0.00    0.00    0.00   98.99
10:27:23 AM    3    0.50    0.00    0.00    0.00    0.00    0.00    0.00    0.00    0.00   99.50
10:27:23 AM    4   69.50    0.00    0.00    0.00    0.00    0.00    0.00    0.00    0.00   30.50
10:27:23 AM    5    1.00    0.00    0.00    0.00    0.00    0.00    0.00    0.00    0.00   99.00
10:27:23 AM    6    0.51    0.00    0.00    0.00    0.00    0.00    0.00    0.00    0.00   99.49
10:27:23 AM    7    0.50    0.00    0.00    0.00    0.00    0.00    0.00    0.00    0.00   99.50
10:27:23 AM    8    0.50    0.00    0.00    0.00    0.00    0.00    0.00    0.00    0.00   99.50
10:27:23 AM    9    0.50    0.00    0.00    0.00    0.00    0.00    0.00    0.00    0.00   99.50
10:27:23 AM   10    0.00    0.00    0.00    0.00    0.00    0.00    0.00    0.00    0.00  100.00
10:27:23 AM   11    0.00    0.00    0.00    0.00    0.00    0.00    0.00    0.00    0.00  100.00

10:27:23 AM  CPU    %usr   %nice    %sys %iowait    %irq   %soft  %steal  %guest  %gnice   %idle
10:27:25 AM  all    8.57    0.00    0.04    0.00    0.00    0.00    0.00    0.00    0.00   91.39
10:27:25 AM    0   11.06    0.00    0.00    0.00    0.00    0.00    0.00    0.00    0.00   88.94
10:27:25 AM    1    0.00    0.00    0.00    0.00    0.00    0.00    0.00    0.00    0.00  100.00
10:27:25 AM    2    1.51    0.00    0.00    0.00    0.00    0.00    0.00    0.00    0.00   98.49
10:27:25 AM    3    1.01    0.00    0.00    0.00    0.00    0.00    0.00    0.00    0.00   98.99
10:27:25 AM    4   88.00    0.00    0.00    0.00    0.00    0.00    0.00    0.00    0.00   12.00
10:27:25 AM    5    0.00    0.00    0.00    0.00    0.00    0.00    0.00    0.00    0.00  100.00
10:27:25 AM    6    0.51    0.00    0.00    0.00    0.00    0.00    0.00    0.00    0.00   99.49
10:27:25 AM    7    0.00    0.00    0.50    0.00    0.00    0.00    0.00    0.00    0.00   99.50
10:27:25 AM    8    0.50    0.00    0.00    0.00    0.00    0.00    0.00    0.00    0.00   99.50
10:27:25 AM    9    0.00    0.00    0.00    0.00    0.00    0.00    0.00    0.00    0.00  100.00
10:27:25 AM   10    0.00    0.00    0.00    0.00    0.00    0.00    0.00    0.00    0.00  100.00
10:27:25 AM   11    0.00    0.00    0.00    0.00    0.00    0.00    0.00    0.00    0.00  100.00

10:27:25 AM  CPU    %usr   %nice    %sys %iowait    %irq   %soft  %steal  %guest  %gnice   %idle
10:27:27 AM  all    8.52    0.00    0.13    0.04    0.00    0.04    0.00    0.00    0.00   91.27
10:27:27 AM    0    1.00    0.00    0.00    0.00    0.00    0.00    0.00    0.00    0.00   99.00
10:27:27 AM    1    0.00    0.00    0.50    0.00    0.00    0.50    0.00    0.00    0.00   99.00
10:27:27 AM    2    0.50    0.00    0.00    0.00    0.00    0.00    0.00    0.00    0.00   99.50
10:27:27 AM    3    0.00    0.00    0.00    0.00    0.00    0.00    0.00    0.00    0.00  100.00
10:27:27 AM    4   99.50    0.00    0.50    0.00    0.00    0.00    0.00    0.00    0.00    0.00
10:27:27 AM    5    0.50    0.00    0.00    0.50    0.00    0.00    0.00    0.00    0.00   99.00
10:27:27 AM    6    0.00    0.00    0.51    0.00    0.00    0.00    0.00    0.00    0.00   99.49
10:27:27 AM    7    0.00    0.00    0.00    0.00    0.00    0.00    0.00    0.00    0.00  100.00
10:27:27 AM    8    0.00    0.00    0.00    0.00    0.00    0.00    0.00    0.00    0.00  100.00
10:27:27 AM    9    0.00    0.00    0.00    0.00    0.00    0.00    0.00    0.00    0.00  100.00
10:27:27 AM   10    0.00    0.00    0.00    0.00    0.00    0.00    0.00    0.00    0.00  100.00
10:27:27 AM   11    0.00    0.00    0.00    0.00    0.00    0.00    0.00    0.00    0.00  100.00

10:27:27 AM  CPU    %usr   %nice    %sys %iowait    %irq   %soft  %steal  %guest  %gnice   %idle
10:27:29 AM  all    8.64    0.00    0.04    0.00    0.00    0.00    0.00    0.00    0.00   91.32
10:27:29 AM    0    1.50    0.00    0.00    0.00    0.00    0.00    0.00    0.00    0.00   98.50
10:27:29 AM    1    0.50    0.00    0.00    0.00    0.00    0.00    0.00    0.00    0.00   99.50
10:27:29 AM    2    0.50    0.00    0.00    0.00    0.00    0.00    0.00    0.00    0.00   99.50
10:27:29 AM    3    0.50    0.00    0.00    0.00    0.00    0.00    0.00    0.00    0.00   99.50
10:27:29 AM    4  100.00    0.00    0.00    0.00    0.00    0.00    0.00    0.00    0.00    0.00
10:27:29 AM    5    0.00    0.00    0.00    0.00    0.00    0.00    0.00    0.00    0.00  100.00
10:27:29 AM    6    0.50    0.00    0.50    0.00    0.00    0.00    0.00    0.00    0.00   98.99
10:27:29 AM    7    0.00    0.00    0.00    0.00    0.00    0.00    0.00    0.00    0.00  100.00
10:27:29 AM    8    0.00    0.00    0.00    0.00    0.00    0.00    0.00    0.00    0.00  100.00
10:27:29 AM    9    0.00    0.00    0.00    0.00    0.00    0.00    0.00    0.00    0.00  100.00
10:27:29 AM   10    0.00    0.00    0.00    0.00    0.00    0.00    0.00    0.00    0.00  100.00
10:27:29 AM   11    0.00    0.00    0.00    0.00    0.00    0.00    0.00    0.00    0.00  100.00

10:27:29 AM  CPU    %usr   %nice    %sys %iowait    %irq   %soft  %steal  %guest  %gnice   %idle
10:27:31 AM  all    8.48    0.00    0.21    0.04    0.00    0.00    0.00    0.00    0.00   91.27
10:27:31 AM    0    2.50    0.00    0.50    0.00    0.00    0.00    0.00    0.00    0.00   97.00
10:27:31 AM    1    0.00    0.00    0.00    0.00    0.00    0.00    0.00    0.00    0.00  100.00
10:27:31 AM    2    0.00    0.00    0.50    0.50    0.00    0.00    0.00    0.00    0.00   99.00
10:27:31 AM    3    0.00    0.00    0.50    0.00    0.00    0.00    0.00    0.00    0.00   99.50
10:27:31 AM    4   98.00    0.00    0.00    0.00    0.00    0.00    0.00    0.00    0.00    2.00
10:27:31 AM    5    0.00    0.00    0.00    0.00    0.00    0.00    0.00    0.00    0.00  100.00
10:27:31 AM    6    0.51    0.00    0.00    0.00    0.00    0.00    0.00    0.00    0.00   99.49
10:27:31 AM    7    0.00    0.00    0.00    0.00    0.00    0.00    0.00    0.00    0.00  100.00
10:27:31 AM    8    0.00    0.00    0.50    0.00    0.00    0.00    0.00    0.00    0.00   99.50
10:27:31 AM    9    0.00    0.00    0.00    0.00    0.00    0.00    0.00    0.00    0.00  100.00
10:27:31 AM   10    0.00    0.00    0.50    0.00    0.00    0.00    0.00    0.00    0.00   99.50
10:27:31 AM   11    0.50    0.00    0.00    0.00    0.00    0.00    0.00    0.00    0.00   99.50

10:27:31 AM  CPU    %usr   %nice    %sys %iowait    %irq   %soft  %steal  %guest  %gnice   %idle
10:27:33 AM  all    8.52    0.00    0.00    0.00    0.00    0.00    0.00    0.00    0.00   91.48
10:27:33 AM    0    1.00    0.00    0.00    0.00    0.00    0.00    0.00    0.00    0.00   99.00
10:27:33 AM    1    0.00    0.00    0.00    0.00    0.00    0.00    0.00    0.00    0.00  100.00
10:27:33 AM    2    0.50    0.00    0.00    0.00    0.00    0.00    0.00    0.00    0.00   99.50
10:27:33 AM    3    0.00    0.00    0.00    0.00    0.00    0.00    0.00    0.00    0.00  100.00
10:27:33 AM    4  100.00    0.00    0.00    0.00    0.00    0.00    0.00    0.00    0.00    0.00
10:27:33 AM    5    0.00    0.00    0.00    0.00    0.00    0.00    0.00    0.00    0.00  100.00
10:27:33 AM    6    0.51    0.00    0.00    0.00    0.00    0.00    0.00    0.00    0.00   99.49
10:27:33 AM    7    0.00    0.00    0.00    0.00    0.00    0.00    0.00    0.00    0.00  100.00
10:27:33 AM    8    0.00    0.00    0.00    0.00    0.00    0.00    0.00    0.00    0.00  100.00
10:27:33 AM    9    0.00    0.00    0.00    0.00    0.00    0.00    0.00    0.00    0.00  100.00
10:27:33 AM   10    0.00    0.00    0.00    0.00    0.00    0.00    0.00    0.00    0.00  100.00
10:27:33 AM   11    0.00    0.00    0.00    0.00    0.00    0.00    0.00    0.00    0.00  100.00

10:27:33 AM  CPU    %usr   %nice    %sys %iowait    %irq   %soft  %steal  %guest  %gnice   %idle
10:27:35 AM  all    8.78    0.00    0.08    0.00    0.00    0.00    0.00    0.00    0.00   91.14
10:27:35 AM    0    2.01    0.00    0.00    0.00    0.00    0.00    0.00    0.00    0.00   97.99
10:27:35 AM    1    0.50    0.00    0.00    0.00    0.00    0.00    0.00    0.00    0.00   99.50
10:27:35 AM    2    1.51    0.00    0.00    0.00    0.00    0.00    0.00    0.00    0.00   98.49
10:27:35 AM    3    0.50    0.00    0.00    0.00    0.00    0.00    0.00    0.00    0.00   99.50
10:27:35 AM    4   98.50    0.00    0.00    0.00    0.00    0.00    0.00    0.00    0.00    1.50
10:27:35 AM    5    0.50    0.00    0.50    0.00    0.00    0.00    0.00    0.00    0.00   99.00
10:27:35 AM    6    1.01    0.00    0.00    0.00    0.00    0.00    0.00    0.00    0.00   98.99
10:27:35 AM    7    0.00    0.00    0.00    0.00    0.00    0.00    0.00    0.00    0.00  100.00
10:27:35 AM    8    0.00    0.00    0.00    0.00    0.00    0.00    0.00    0.00    0.00  100.00
10:27:35 AM    9    0.50    0.00    0.00    0.00    0.00    0.00    0.00    0.00    0.00   99.50
10:27:35 AM   10    0.00    0.00    0.50    0.00    0.00    0.00    0.00    0.00    0.00   99.50
10:27:35 AM   11    0.00    0.00    0.00    0.00    0.00    0.00    0.00    0.00    0.00  100.00

10:27:35 AM  CPU    %usr   %nice    %sys %iowait    %irq   %soft  %steal  %guest  %gnice   %idle
10:27:37 AM  all    8.53    0.00    0.13    0.00    0.00    0.00    0.00    0.00    0.00   91.35
10:27:37 AM    0   31.16    0.00    0.00    0.00    0.00    0.00    0.00    0.00    0.00   68.84
10:27:37 AM    1    0.50    0.00    0.00    0.00    0.00    0.00    0.00    0.00    0.00   99.50
10:27:37 AM    2    1.01    0.00    0.00    0.00    0.00    0.00    0.00    0.00    0.00   98.99
10:27:37 AM    3    1.00    0.00    0.00    0.00    0.00    0.00    0.00    0.00    0.00   99.00
10:27:37 AM    4   68.84    0.00    0.00    0.00    0.00    0.00    0.00    0.00    0.00   31.16
10:27:37 AM    5    0.00    0.00    0.00    0.00    0.00    0.00    0.00    0.00    0.00  100.00
10:27:37 AM    6    0.00    0.00    0.51    0.00    0.00    0.00    0.00    0.00    0.00   99.49
10:27:37 AM    7    0.00    0.00    0.50    0.00    0.00    0.00    0.00    0.00    0.00   99.50
10:27:37 AM    8    0.00    0.00    0.00    0.00    0.00    0.00    0.00    0.00    0.00  100.00
10:27:37 AM    9    0.00    0.00    0.50    0.00    0.00    0.00    0.00    0.00    0.00   99.50
10:27:37 AM   10    0.00    0.00    0.00    0.00    0.00    0.00    0.00    0.00    0.00  100.00
10:27:37 AM   11    0.00    0.00    0.00    0.00    0.00    0.00    0.00    0.00    0.00  100.00

10:27:37 AM  CPU    %usr   %nice    %sys %iowait    %irq   %soft  %steal  %guest  %gnice   %idle
10:27:39 AM  all    8.60    0.00    0.08    0.00    0.00    0.00    0.00    0.00    0.00   91.32
10:27:39 AM    0    0.50    0.00    0.50    0.00    0.00    0.00    0.00    0.00    0.00   99.00
10:27:39 AM    1    0.00    0.00    0.00    0.00    0.00    0.00    0.00    0.00    0.00  100.00
10:27:39 AM    2    1.00    0.00    0.50    0.00    0.00    0.00    0.00    0.00    0.00   98.51
10:27:39 AM    3    0.00    0.00    0.00    0.00    0.00    0.00    0.00    0.00    0.00  100.00
10:27:39 AM    4   99.50    0.00    0.00    0.00    0.00    0.00    0.00    0.00    0.00    0.50
10:27:39 AM    5    0.00    0.00    0.00    0.00    0.00    0.00    0.00    0.00    0.00  100.00
10:27:39 AM    6    0.51    0.00    0.00    0.00    0.00    0.00    0.00    0.00    0.00   99.49
10:27:39 AM    7    0.00    0.00    0.00    0.00    0.00    0.00    0.00    0.00    0.00  100.00
10:27:39 AM    8    0.50    0.00    0.00    0.00    0.00    0.00    0.00    0.00    0.00   99.50
10:27:39 AM    9    0.50    0.00    0.00    0.00    0.00    0.00    0.00    0.00    0.00   99.50
10:27:39 AM   10    0.00    0.00    0.00    0.00    0.00    0.00    0.00    0.00    0.00  100.00
10:27:39 AM   11    0.00    0.00    0.00    0.00    0.00    0.00    0.00    0.00    0.00  100.00

10:27:39 AM  CPU    %usr   %nice    %sys %iowait    %irq   %soft  %steal  %guest  %gnice   %idle
10:27:41 AM  all    8.53    0.00    0.00    0.04    0.00    0.00    0.00    0.00    0.00   91.43
10:27:41 AM    0    0.51    0.00    0.00    0.00    0.00    0.00    0.00    0.00    0.00   99.49
10:27:41 AM    1    0.00    0.00    0.00    0.50    0.00    0.00    0.00    0.00    0.00   99.50
10:27:41 AM    2    0.50    0.00    0.00    0.00    0.00    0.00    0.00    0.00    0.00   99.50
10:27:41 AM    3    0.50    0.00    0.00    0.00    0.00    0.00    0.00    0.00    0.00   99.50
10:27:41 AM    4  100.00    0.00    0.00    0.00    0.00    0.00    0.00    0.00    0.00    0.00
10:27:41 AM    5    0.00    0.00    0.00    0.00    0.00    0.00    0.00    0.00    0.00  100.00
10:27:41 AM    6    0.51    0.00    0.00    0.00    0.00    0.00    0.00    0.00    0.00   99.49
10:27:41 AM    7    0.00    0.00    0.00    0.00    0.00    0.00    0.00    0.00    0.00  100.00
10:27:41 AM    8    0.00    0.00    0.00    0.00    0.00    0.00    0.00    0.00    0.00  100.00
10:27:41 AM    9    0.00    0.00    0.00    0.00    0.00    0.00    0.00    0.00    0.00  100.00
10:27:41 AM   10    0.00    0.00    0.00    0.00    0.00    0.00    0.00    0.00    0.00  100.00
10:27:41 AM   11    0.00    0.00    0.00    0.00    0.00    0.00    0.00    0.00    0.00  100.00

10:27:41 AM  CPU    %usr   %nice    %sys %iowait    %irq   %soft  %steal  %guest  %gnice   %idle
10:27:43 AM  all    9.85    0.00    0.21    0.00    0.00    0.04    0.00    0.00    0.00   89.90
10:27:43 AM    0    3.50    0.00    0.50    0.00    0.00    0.00    0.00    0.00    0.00   96.00
10:27:43 AM    1    1.00    0.00    0.50    0.00    0.00    0.50    0.00    0.00    0.00   98.01
10:27:43 AM    2    3.02    0.00    0.00    0.00    0.00    0.00    0.00    0.00    0.00   96.98
10:27:43 AM    3    2.00    0.00    0.50    0.00    0.00    0.00    0.00    0.00    0.00   97.50
10:27:43 AM    4   96.50    0.00    0.00    0.00    0.00    0.00    0.00    0.00    0.00    3.50
10:27:43 AM    5    2.00    0.00    0.00    0.00    0.00    0.00    0.00    0.00    0.00   98.00
10:27:43 AM    6    1.52    0.00    0.51    0.00    0.00    0.00    0.00    0.00    0.00   97.98
10:27:43 AM    7    2.01    0.00    0.00    0.00    0.00    0.00    0.00    0.00    0.00   97.99
10:27:43 AM    8    1.00    0.00    0.50    0.00    0.00    0.00    0.00    0.00    0.00   98.51
10:27:43 AM    9    1.51    0.00    0.00    0.00    0.00    0.00    0.00    0.00    0.00   98.49
10:27:43 AM   10    2.00    0.00    0.00    0.00    0.00    0.00    0.00    0.00    0.00   98.00
10:27:43 AM   11    2.01    0.00    0.00    0.00    0.00    0.00    0.00    0.00    0.00   97.99

10:27:43 AM  CPU    %usr   %nice    %sys %iowait    %irq   %soft  %steal  %guest  %gnice   %idle
10:27:45 AM  all    8.48    0.00    0.17    0.00    0.00    0.00    0.00    0.00    0.00   91.35
10:27:45 AM    0    1.01    0.00    0.00    0.00    0.00    0.00    0.00    0.00    0.00   98.99
10:27:45 AM    1    0.00    0.00    0.00    0.00    0.00    0.00    0.00    0.00    0.00  100.00
10:27:45 AM    2    1.00    0.00    0.50    0.00    0.00    0.00    0.00    0.00    0.00   98.51
10:27:45 AM    3    0.00    0.00    0.00    0.00    0.00    0.00    0.00    0.00    0.00  100.00
10:27:45 AM    4   99.50    0.00    0.00    0.00    0.00    0.00    0.00    0.00    0.00    0.50
10:27:45 AM    5    0.00    0.00    0.00    0.00    0.00    0.00    0.00    0.00    0.00  100.00
10:27:45 AM    6    0.51    0.00    0.00    0.00    0.00    0.00    0.00    0.00    0.00   99.49
10:27:45 AM    7    0.00    0.00    1.49    0.00    0.00    0.00    0.00    0.00    0.00   98.51
10:27:45 AM    8    0.00    0.00    0.00    0.00    0.00    0.00    0.00    0.00    0.00  100.00
10:27:45 AM    9    0.00    0.00    0.00    0.00    0.00    0.00    0.00    0.00    0.00  100.00
10:27:45 AM   10    0.00    0.00    0.00    0.00    0.00    0.00    0.00    0.00    0.00  100.00
10:27:45 AM   11    0.00    0.00    0.00    0.00    0.00    0.00    0.00    0.00    0.00  100.00

10:27:45 AM  CPU    %usr   %nice    %sys %iowait    %irq   %soft  %steal  %guest  %gnice   %idle
10:27:47 AM  all    8.60    0.00    0.08    0.00    0.00    0.00    0.00    0.00    0.00   91.32
10:27:47 AM    0    1.00    0.00    0.50    0.00    0.00    0.00    0.00    0.00    0.00   98.50
10:27:47 AM    1    0.00    0.00    0.00    0.00    0.00    0.00    0.00    0.00    0.00  100.00
10:27:47 AM    2    1.00    0.00    0.00    0.00    0.00    0.00    0.00    0.00    0.00   99.00
10:27:47 AM    3    0.50    0.00    0.00    0.00    0.00    0.00    0.00    0.00    0.00   99.50
10:27:47 AM    4  100.00    0.00    0.00    0.00    0.00    0.00    0.00    0.00    0.00    0.00
10:27:47 AM    5    0.00    0.00    0.00    0.00    0.00    0.00    0.00    0.00    0.00  100.00
10:27:47 AM    6    0.00    0.00    0.00    0.00    0.00    0.00    0.00    0.00    0.00  100.00
10:27:47 AM    7    0.00    0.00    0.50    0.00    0.00    0.00    0.00    0.00    0.00   99.50
10:27:47 AM    8    0.00    0.00    0.00    0.00    0.00    0.00    0.00    0.00    0.00  100.00
10:27:47 AM    9    0.50    0.00    0.00    0.00    0.00    0.00    0.00    0.00    0.00   99.50
10:27:47 AM   10    0.00    0.00    0.00    0.00    0.00    0.00    0.00    0.00    0.00  100.00
10:27:47 AM   11    0.00    0.00    0.00    0.00    0.00    0.00    0.00    0.00    0.00  100.00

10:27:47 AM  CPU    %usr   %nice    %sys %iowait    %irq   %soft  %steal  %guest  %gnice   %idle
10:27:49 AM  all    8.53    0.00    0.04    0.00    0.00    0.00    0.00    0.00    0.00   91.43
10:27:49 AM    0    1.01    0.00    0.00    0.00    0.00    0.00    0.00    0.00    0.00   98.99
10:27:49 AM    1    0.00    0.00    0.00    0.00    0.00    0.00    0.00    0.00    0.00  100.00
10:27:49 AM    2    0.50    0.00    0.00    0.00    0.00    0.00    0.00    0.00    0.00   99.50
10:27:49 AM    3    0.00    0.00    0.00    0.00    0.00    0.00    0.00    0.00    0.00  100.00
10:27:49 AM    4  100.00    0.00    0.00    0.00    0.00    0.00    0.00    0.00    0.00    0.00
10:27:49 AM    5    0.00    0.00    0.00    0.00    0.00    0.00    0.00    0.00    0.00  100.00
10:27:49 AM    6    0.50    0.00    0.00    0.00    0.00    0.00    0.00    0.00    0.00   99.50
10:27:49 AM    7    0.00    0.00    0.00    0.00    0.00    0.00    0.00    0.00    0.00  100.00
10:27:49 AM    8    0.00    0.00    0.00    0.00    0.00    0.00    0.00    0.00    0.00  100.00
10:27:49 AM    9    0.00    0.00    0.00    0.00    0.00    0.00    0.00    0.00    0.00  100.00
10:27:49 AM   10    0.00    0.00    0.00    0.00    0.00    0.00    0.00    0.00    0.00  100.00
10:27:49 AM   11    0.00    0.00    0.50    0.00    0.00    0.00    0.00    0.00    0.00   99.50

10:27:49 AM  CPU    %usr   %nice    %sys %iowait    %irq   %soft  %steal  %guest  %gnice   %idle
10:27:51 AM  all    8.52    0.00    0.08    0.00    0.00    0.00    0.00    0.00    0.00   91.40
10:27:51 AM    0   75.50    0.00    0.00    0.00    0.00    0.00    0.00    0.00    0.00   24.50
10:27:51 AM    1    0.50    0.00    0.00    0.00    0.00    0.00    0.00    0.00    0.00   99.50
10:27:51 AM    2    1.01    0.00    0.00    0.00    0.00    0.00    0.00    0.00    0.00   98.99
10:27:51 AM    3    0.50    0.00    0.00    0.00    0.00    0.00    0.00    0.00    0.00   99.50
10:27:51 AM    4   24.50    0.00    0.00    0.00    0.00    0.00    0.00    0.00    0.00   75.50
10:27:51 AM    5    0.00    0.00    0.00    0.00    0.00    0.00    0.00    0.00    0.00  100.00
10:27:51 AM    6    0.00    0.00    0.00    0.00    0.00    0.00    0.00    0.00    0.00  100.00
10:27:51 AM    7    0.00    0.00    0.50    0.00    0.00    0.00    0.00    0.00    0.00   99.50
10:27:51 AM    8    0.00    0.00    0.50    0.00    0.00    0.00    0.00    0.00    0.00   99.50
10:27:51 AM    9    0.00    0.00    0.00    0.00    0.00    0.00    0.00    0.00    0.00  100.00
10:27:51 AM   10    0.00    0.00    0.00    0.00    0.00    0.00    0.00    0.00    0.00  100.00
10:27:51 AM   11    0.00    0.00    0.00    0.00    0.00    0.00    0.00    0.00    0.00  100.00

10:27:51 AM  CPU    %usr   %nice    %sys %iowait    %irq   %soft  %steal  %guest  %gnice   %idle
10:27:53 AM  all    8.59    0.00    0.04    0.00    0.00    0.00    0.00    0.00    0.00   91.36
10:27:53 AM    0  100.00    0.00    0.00    0.00    0.00    0.00    0.00    0.00    0.00    0.00
10:27:53 AM    1    0.00    0.00    0.00    0.00    0.00    0.00    0.00    0.00    0.00  100.00
10:27:53 AM    2    0.50    0.00    0.00    0.00    0.00    0.00    0.00    0.00    0.00   99.50
10:27:53 AM    3    0.50    0.00    0.00    0.00    0.00    0.00    0.00    0.00    0.00   99.50
10:27:53 AM    4    0.50    0.00    0.00    0.00    0.00    0.00    0.00    0.00    0.00   99.50
10:27:53 AM    5    0.50    0.00    0.00    0.00    0.00    0.00    0.00    0.00    0.00   99.50
10:27:53 AM    6    0.00    0.00    0.00    0.00    0.00    0.00    0.00    0.00    0.00  100.00
10:27:53 AM    7    0.50    0.00    0.00    0.00    0.00    0.00    0.00    0.00    0.00   99.50
10:27:53 AM    8    0.00    0.00    0.00    0.00    0.00    0.00    0.00    0.00    0.00  100.00
10:27:53 AM    9    0.50    0.00    0.50    0.00    0.00    0.00    0.00    0.00    0.00   99.01
10:27:53 AM   10    0.00    0.00    0.00    0.00    0.00    0.00    0.00    0.00    0.00  100.00
10:27:53 AM   11    0.00    0.00    0.00    0.00    0.00    0.00    0.00    0.00    0.00  100.00

10:27:53 AM  CPU    %usr   %nice    %sys %iowait    %irq   %soft  %steal  %guest  %gnice   %idle
10:27:55 AM  all    8.45    0.00    0.08    0.00    0.00    0.00    0.00    0.00    0.00   91.46
10:27:55 AM    0   49.75    0.00    0.00    0.00    0.00    0.00    0.00    0.00    0.00   50.25
10:27:55 AM    1    0.00    0.00    0.00    0.00    0.00    0.00    0.00    0.00    0.00  100.00
10:27:55 AM    2    2.50    0.00    0.50    0.00    0.00    0.00    0.00    0.00    0.00   97.00
10:27:55 AM    3    0.50    0.00    0.00    0.00    0.00    0.00    0.00    0.00    0.00   99.50
10:27:55 AM    4   48.74    0.00    0.00    0.00    0.00    0.00    0.00    0.00    0.00   51.26
10:27:55 AM    5    0.00    0.00    0.00    0.00    0.00    0.00    0.00    0.00    0.00  100.00
10:27:55 AM    6    0.00    0.00    0.50    0.00    0.00    0.00    0.00    0.00    0.00   99.50
10:27:55 AM    7    0.00    0.00    0.00    0.00    0.00    0.00    0.00    0.00    0.00  100.00
10:27:55 AM    8    0.00    0.00    0.00    0.00    0.00    0.00    0.00    0.00    0.00  100.00
10:27:55 AM    9    0.00    0.00    0.00    0.00    0.00    0.00    0.00    0.00    0.00  100.00
10:27:55 AM   10    0.00    0.00    0.00    0.00    0.00    0.00    0.00    0.00    0.00  100.00
10:27:55 AM   11    0.00    0.00    0.00    0.00    0.00    0.00    0.00    0.00    0.00  100.00

10:27:55 AM  CPU    %usr   %nice    %sys %iowait    %irq   %soft  %steal  %guest  %gnice   %idle
10:27:57 AM  all    8.59    0.00    0.13    0.00    0.00    0.00    0.00    0.00    0.00   91.29
10:27:57 AM    0    1.00    0.00    0.50    0.00    0.00    0.00    0.00    0.00    0.00   98.51
10:27:57 AM    1    0.00    0.00    0.00    0.00    0.00    0.00    0.00    0.00    0.00  100.00
10:27:57 AM    2    0.50    0.00    0.00    0.00    0.00    0.00    0.00    0.00    0.00   99.50
10:27:57 AM    3    0.00    0.00    0.00    0.00    0.00    0.00    0.00    0.00    0.00  100.00
10:27:57 AM    4  100.00    0.00    0.00    0.00    0.00    0.00    0.00    0.00    0.00    0.00
10:27:57 AM    5    0.50    0.00    0.50    0.00    0.00    0.00    0.00    0.00    0.00   99.00
10:27:57 AM    6    0.51    0.00    0.00    0.00    0.00    0.00    0.00    0.00    0.00   99.49
10:27:57 AM    7    0.00    0.00    0.00    0.00    0.00    0.00    0.00    0.00    0.00  100.00
10:27:57 AM    8    0.50    0.00    0.50    0.00    0.00    0.00    0.00    0.00    0.00   99.00
10:27:57 AM    9    0.00    0.00    0.00    0.00    0.00    0.00    0.00    0.00    0.00  100.00
10:27:57 AM   10    0.00    0.00    0.00    0.00    0.00    0.00    0.00    0.00    0.00  100.00
10:27:57 AM   11    0.00    0.00    0.00    0.00    0.00    0.00    0.00    0.00    0.00  100.00

10:27:57 AM  CPU    %usr   %nice    %sys %iowait    %irq   %soft  %steal  %guest  %gnice   %idle
10:27:59 AM  all    8.48    0.00    0.08    0.00    0.00    0.00    0.00    0.00    0.00   91.44
10:27:59 AM    0    0.50    0.00    0.00    0.00    0.00    0.00    0.00    0.00    0.00   99.50
10:27:59 AM    1    0.00    0.00    0.50    0.00    0.00    0.00    0.00    0.00    0.00   99.50
10:27:59 AM    2    0.50    0.00    0.00    0.00    0.00    0.00    0.00    0.00    0.00   99.50
10:27:59 AM    3    0.00    0.00    0.00    0.00    0.00    0.00    0.00    0.00    0.00  100.00
10:27:59 AM    4  100.00    0.00    0.00    0.00    0.00    0.00    0.00    0.00    0.00    0.00
10:27:59 AM    5    0.00    0.00    0.00    0.00    0.00    0.00    0.00    0.00    0.00  100.00
10:27:59 AM    6    0.00    0.00    0.50    0.00    0.00    0.00    0.00    0.00    0.00   99.50
10:27:59 AM    7    0.00    0.00    0.00    0.00    0.00    0.00    0.00    0.00    0.00  100.00
10:27:59 AM    8    0.00    0.00    0.00    0.00    0.00    0.00    0.00    0.00    0.00  100.00
10:27:59 AM    9    0.00    0.00    0.00    0.00    0.00    0.00    0.00    0.00    0.00  100.00
10:27:59 AM   10    0.50    0.00    0.00    0.00    0.00    0.00    0.00    0.00    0.00   99.50
10:27:59 AM   11    0.00    0.00    0.00    0.00    0.00    0.00    0.00    0.00    0.00  100.00

10:27:59 AM  CPU    %usr   %nice    %sys %iowait    %irq   %soft  %steal  %guest  %gnice   %idle
10:28:01 AM  all    8.77    0.00    0.08    0.04    0.00    0.00    0.00    0.00    0.00   91.10
10:28:01 AM    0   47.74    0.00    0.00    0.00    0.00    0.00    0.00    0.00    0.00   52.26
10:28:01 AM    1    1.00    0.00    0.00    0.50    0.00    0.00    0.00    0.00    0.00   98.50
10:28:01 AM    2    2.51    0.00    0.00    0.00    0.00    0.00    0.00    0.00    0.00   97.49
10:28:01 AM    3    0.50    0.00    0.00    0.00    0.00    0.00    0.00    0.00    0.00   99.50
10:28:01 AM    4   50.50    0.00    0.50    0.00    0.00    0.00    0.00    0.00    0.00   49.00
10:28:01 AM    5    0.00    0.00    0.00    0.00    0.00    0.00    0.00    0.00    0.00  100.00
10:28:01 AM    6    0.51    0.00    0.00    0.00    0.00    0.00    0.00    0.00    0.00   99.49
10:28:01 AM    7    0.00    0.00    0.00    0.00    0.00    0.00    0.00    0.00    0.00  100.00
10:28:01 AM    8    0.50    0.00    0.00    0.00    0.00    0.00    0.00    0.00    0.00   99.50
10:28:01 AM    9    0.50    0.00    0.00    0.00    0.00    0.00    0.00    0.00    0.00   99.50
10:28:01 AM   10    1.01    0.00    0.50    0.00    0.00    0.00    0.00    0.00    0.00   98.49
10:28:01 AM   11    0.50    0.00    0.00    0.00    0.00    0.00    0.00    0.00    0.00   99.50

10:28:01 AM  CPU    %usr   %nice    %sys %iowait    %irq   %soft  %steal  %guest  %gnice   %idle
10:28:03 AM  all    9.36    0.00    0.08    0.00    0.00    0.00    0.00    0.00    0.00   90.56
10:28:03 AM    0   21.39    0.00    0.50    0.00    0.00    0.00    0.00    0.00    0.00   78.11
10:28:03 AM    1    0.50    0.00    0.50    0.00    0.00    0.00    0.00    0.00    0.00   99.00
10:28:03 AM    2    2.50    0.00    0.00    0.00    0.00    0.00    0.00    0.00    0.00   97.50
10:28:03 AM    3    1.01    0.00    0.00    0.00    0.00    0.00    0.00    0.00    0.00   98.99
10:28:03 AM    4   79.60    0.00    0.00    0.00    0.00    0.00    0.00    0.00    0.00   20.40
10:28:03 AM    5    1.50    0.00    0.00    0.00    0.00    0.00    0.00    0.00    0.00   98.50
10:28:03 AM    6    1.52    0.00    0.00    0.00    0.00    0.00    0.00    0.00    0.00   98.48
10:28:03 AM    7    1.01    0.00    0.00    0.00    0.00    0.00    0.00    0.00    0.00   98.99
10:28:03 AM    8    1.01    0.00    0.00    0.00    0.00    0.00    0.00    0.00    0.00   98.99
10:28:03 AM    9    0.00    0.00    0.00    0.00    0.00    0.00    0.00    0.00    0.00  100.00
10:28:03 AM   10    1.01    0.00    0.00    0.00    0.00    0.00    0.00    0.00    0.00   98.99
10:28:03 AM   11    0.50    0.00    0.00    0.00    0.00    0.00    0.00    0.00    0.00   99.50

10:28:03 AM  CPU    %usr   %nice    %sys %iowait    %irq   %soft  %steal  %guest  %gnice   %idle
10:28:05 AM  all    8.52    0.00    0.13    0.00    0.00    0.00    0.00    0.00    0.00   91.35
10:28:05 AM    0    0.50    0.00    0.00    0.00    0.00    0.00    0.00    0.00    0.00   99.50
10:28:05 AM    1    0.00    0.00    0.00    0.00    0.00    0.00    0.00    0.00    0.00  100.00
10:28:05 AM    2    1.01    0.00    0.00    0.00    0.00    0.00    0.00    0.00    0.00   98.99
10:28:05 AM    3    0.00    0.00    0.50    0.00    0.00    0.00    0.00    0.00    0.00   99.50
10:28:05 AM    4  100.00    0.00    0.00    0.00    0.00    0.00    0.00    0.00    0.00    0.00
10:28:05 AM    5    0.00    0.00    0.00    0.00    0.00    0.00    0.00    0.00    0.00  100.00
10:28:05 AM    6    0.51    0.00    0.00    0.00    0.00    0.00    0.00    0.00    0.00   99.49
10:28:05 AM    7    0.00    0.00    0.00    0.00    0.00    0.00    0.00    0.00    0.00  100.00
10:28:05 AM    8    0.00    0.00    0.50    0.00    0.00    0.00    0.00    0.00    0.00   99.50
10:28:05 AM    9    0.00    0.00    0.00    0.00    0.00    0.00    0.00    0.00    0.00  100.00
10:28:05 AM   10    0.00    0.00    0.00    0.00    0.00    0.00    0.00    0.00    0.00  100.00
10:28:05 AM   11    0.00    0.00    0.50    0.00    0.00    0.00    0.00    0.00    0.00   99.50

10:28:05 AM  CPU    %usr   %nice    %sys %iowait    %irq   %soft  %steal  %guest  %gnice   %idle
10:28:07 AM  all    8.45    0.00    0.04    0.00    0.00    0.00    0.00    0.00    0.00   91.51
10:28:07 AM    0    0.50    0.00    0.50    0.00    0.00    0.00    0.00    0.00    0.00   99.00
10:28:07 AM    1    0.00    0.00    0.00    0.00    0.00    0.00    0.00    0.00    0.00  100.00
10:28:07 AM    2    0.50    0.00    0.00    0.00    0.00    0.00    0.00    0.00    0.00   99.50
10:28:07 AM    3    0.00    0.00    0.00    0.00    0.00    0.00    0.00    0.00    0.00  100.00
10:28:07 AM    4  100.00    0.00    0.00    0.00    0.00    0.00    0.00    0.00    0.00    0.00
10:28:07 AM    5    0.00    0.00    0.00    0.00    0.00    0.00    0.00    0.00    0.00  100.00
10:28:07 AM    6    0.00    0.00    0.00    0.00    0.00    0.00    0.00    0.00    0.00  100.00
10:28:07 AM    7    0.00    0.00    0.00    0.00    0.00    0.00    0.00    0.00    0.00  100.00
10:28:07 AM    8    0.00    0.00    0.00    0.00    0.00    0.00    0.00    0.00    0.00  100.00
10:28:07 AM    9    0.00    0.00    0.00    0.00    0.00    0.00    0.00    0.00    0.00  100.00
10:28:07 AM   10    0.00    0.00    0.00    0.00    0.00    0.00    0.00    0.00    0.00  100.00
10:28:07 AM   11    0.00    0.00    0.00    0.00    0.00    0.00    0.00    0.00    0.00  100.00

10:28:07 AM  CPU    %usr   %nice    %sys %iowait    %irq   %soft  %steal  %guest  %gnice   %idle
10:28:09 AM  all    8.58    0.00    0.08    0.00    0.00    0.00    0.00    0.00    0.00   91.33
10:28:09 AM    0    0.50    0.00    0.00    0.00    0.00    0.00    0.00    0.00    0.00   99.50
10:28:09 AM    1    0.00    0.00    0.00    0.00    0.00    0.00    0.00    0.00    0.00  100.00
10:28:09 AM    2    0.00    0.00    0.50    0.00    0.00    0.00    0.00    0.00    0.00   99.50
10:28:09 AM    3    0.50    0.00    0.00    0.00    0.00    0.00    0.00    0.00    0.00   99.50
10:28:09 AM    4  100.00    0.00    0.00    0.00    0.00    0.00    0.00    0.00    0.00    0.00
10:28:09 AM    5    0.50    0.00    0.00    0.00    0.00    0.00    0.00    0.00    0.00   99.50
10:28:09 AM    6    0.50    0.00    0.50    0.00    0.00    0.00    0.00    0.00    0.00   98.99
10:28:09 AM    7    0.00    0.00    0.00    0.00    0.00    0.00    0.00    0.00    0.00  100.00
10:28:09 AM    8    0.50    0.00    0.00    0.00    0.00    0.00    0.00    0.00    0.00   99.50
10:28:09 AM    9    0.50    0.00    0.00    0.00    0.00    0.00    0.00    0.00    0.00   99.50
10:28:09 AM   10    0.00    0.00    0.00    0.00    0.00    0.00    0.00    0.00    0.00  100.00
10:28:09 AM   11    0.00    0.00    0.00    0.00    0.00    0.00    0.00    0.00    0.00  100.00

10:28:09 AM  CPU    %usr   %nice    %sys %iowait    %irq   %soft  %steal  %guest  %gnice   %idle
10:28:11 AM  all    8.49    0.00    0.08    0.00    0.00    0.04    0.00    0.00    0.00   91.38
10:28:11 AM    0    2.50    0.00    0.50    0.00    0.00    0.50    0.00    0.00    0.00   96.50
10:28:11 AM    1    0.00    0.00    0.00    0.00    0.00    0.00    0.00    0.00    0.00  100.00
10:28:11 AM    2    1.00    0.00    0.00    0.00    0.00    0.00    0.00    0.00    0.00   99.00
10:28:11 AM    3    0.00    0.00    0.00    0.00    0.00    0.00    0.00    0.00    0.00  100.00
10:28:11 AM    4   98.00    0.00    0.00    0.00    0.00    0.00    0.00    0.00    0.00    2.00
10:28:11 AM    5    0.00    0.00    0.00    0.00    0.00    0.00    0.00    0.00    0.00  100.00
10:28:11 AM    6    0.00    0.00    0.00    0.00    0.00    0.00    0.00    0.00    0.00  100.00
10:28:11 AM    7    0.00    0.00    0.00    0.00    0.00    0.00    0.00    0.00    0.00  100.00
10:28:11 AM    8    0.00    0.00    0.00    0.00    0.00    0.00    0.00    0.00    0.00  100.00
10:28:11 AM    9    0.00    0.00    0.50    0.00    0.00    0.00    0.00    0.00    0.00   99.50
10:28:11 AM   10    0.00    0.00    0.00    0.00    0.00    0.00    0.00    0.00    0.00  100.00
10:28:11 AM   11    0.00    0.00    0.00    0.00    0.00    0.00    0.00    0.00    0.00  100.00

10:28:11 AM  CPU    %usr   %nice    %sys %iowait    %irq   %soft  %steal  %guest  %gnice   %idle
10:28:13 AM  all    8.64    0.00    0.08    0.04    0.00    0.00    0.00    0.00    0.00   91.24
10:28:13 AM    0   13.57    0.00    0.00    0.00    0.00    0.00    0.00    0.00    0.00   86.43
10:28:13 AM    1    0.50    0.00    0.00    0.50    0.00    0.00    0.00    0.00    0.00   99.00
10:28:13 AM    2    0.00    0.00    0.00    0.00    0.00    0.00    0.00    0.00    0.00  100.00
10:28:13 AM    3    0.50    0.00    0.00    0.00    0.00    0.00    0.00    0.00    0.00   99.50
10:28:13 AM    4   87.44    0.00    0.00    0.00    0.00    0.00    0.00    0.00    0.00   12.56
10:28:13 AM    5    0.50    0.00    0.00    0.00    0.00    0.00    0.00    0.00    0.00   99.50
10:28:13 AM    6    0.50    0.00    0.50    0.00    0.00    0.00    0.00    0.00    0.00   98.99
10:28:13 AM    7    0.00    0.00    0.00    0.00    0.00    0.00    0.00    0.00    0.00  100.00
10:28:13 AM    8    0.00    0.00    0.50    0.00    0.00    0.00    0.00    0.00    0.00   99.50
10:28:13 AM    9    0.50    0.00    0.00    0.00    0.00    0.00    0.00    0.00    0.00   99.50
10:28:13 AM   10    0.50    0.00    0.00    0.00    0.00    0.00    0.00    0.00    0.00   99.50
10:28:13 AM   11    0.00    0.00    0.00    0.00    0.00    0.00    0.00    0.00    0.00  100.00

10:28:13 AM  CPU    %usr   %nice    %sys %iowait    %irq   %soft  %steal  %guest  %gnice   %idle
10:28:15 AM  all    8.87    0.00    0.13    0.00    0.00    0.00    0.00    0.00    0.00   91.00
10:28:15 AM    0   18.50    0.00    0.50    0.00    0.00    0.00    0.00    0.00    0.00   81.00
10:28:15 AM    1    0.00    0.00    0.00    0.00    0.00    0.00    0.00    0.00    0.00  100.00
10:28:15 AM    2    1.51    0.00    0.00    0.00    0.00    0.00    0.00    0.00    0.00   98.49
10:28:15 AM    3    0.50    0.00    0.00    0.00    0.00    0.00    0.00    0.00    0.00   99.50
10:28:15 AM    4   81.50    0.00    0.00    0.00    0.00    0.00    0.00    0.00    0.00   18.50
10:28:15 AM    5    0.50    0.00    0.00    0.00    0.00    0.00    0.00    0.00    0.00   99.50
10:28:15 AM    6    0.00    0.00    0.00    0.00    0.00    0.00    0.00    0.00    0.00  100.00
10:28:15 AM    7    1.00    0.00    0.50    0.00    0.00    0.00    0.00    0.00    0.00   98.51
10:28:15 AM    8    0.50    0.00    0.00    0.00    0.00    0.00    0.00    0.00    0.00   99.50
10:28:15 AM    9    0.50    0.00    0.00    0.00    0.00    0.00    0.00    0.00    0.00   99.50
10:28:15 AM   10    0.50    0.00    0.50    0.00    0.00    0.00    0.00    0.00    0.00   98.99
10:28:15 AM   11    1.00    0.00    0.00    0.00    0.00    0.00    0.00    0.00    0.00   99.00

10:28:15 AM  CPU    %usr   %nice    %sys %iowait    %irq   %soft  %steal  %guest  %gnice   %idle
10:28:17 AM  all    8.57    0.00    0.21    0.04    0.00    0.04    0.00    0.00    0.00   91.14
10:28:17 AM    0    1.00    0.00    0.00    0.00    0.00    0.00    0.00    0.00    0.00   99.00
10:28:17 AM    1    0.50    0.00    0.00    0.00    0.00    0.00    0.00    0.00    0.00   99.50
10:28:17 AM    2    0.50    0.00    0.00    0.50    0.00    0.00    0.00    0.00    0.00   99.00
10:28:17 AM    3    0.00    0.00    0.00    0.00    0.00    0.00    0.00    0.00    0.00  100.00
10:28:17 AM    4  100.00    0.00    0.00    0.00    0.00    0.00    0.00    0.00    0.00    0.00
10:28:17 AM    5    0.00    0.00    0.00    0.00    0.00    0.00    0.00    0.00    0.00  100.00
10:28:17 AM    6    0.51    0.00    0.00    0.00    0.00    0.00    0.00    0.00    0.00   99.49
10:28:17 AM    7    0.00    0.00    0.00    0.00    0.00    0.00    0.00    0.00    0.00  100.00
10:28:17 AM    8    0.50    0.00    0.00    0.00    0.00    0.00    0.00    0.00    0.00   99.50
10:28:17 AM    9    0.00    0.00    0.00    0.00    0.00    0.00    0.00    0.00    0.00  100.00
10:28:17 AM   10    0.00    0.00    0.50    0.00    0.00    0.50    0.00    0.00    0.00   99.01
10:28:17 AM   11    0.00    0.00    1.97    0.00    0.00    0.00    0.00    0.00    0.00   98.03

10:28:17 AM  CPU    %usr   %nice    %sys %iowait    %irq   %soft  %steal  %guest  %gnice   %idle
10:28:19 AM  all    9.92    0.00    0.38    0.00    0.00    0.00    0.00    0.00    0.00   89.71
10:28:19 AM    0    1.00    0.00    0.50    0.00    0.00    0.00    0.00    0.00    0.00   98.50
10:28:19 AM    1    1.51    0.00    0.00    0.00    0.00    0.00    0.00    0.00    0.00   98.49
10:28:19 AM    2    0.50    0.00    0.50    0.00    0.00    0.00    0.00    0.00    0.00   99.00
10:28:19 AM    3    2.49    0.00    0.50    0.00    0.00    0.00    0.00    0.00    0.00   97.01
10:28:19 AM    4  100.00    0.00    0.00    0.00    0.00    0.00    0.00    0.00    0.00    0.00
10:28:19 AM    5    1.99    0.00    0.50    0.00    0.00    0.00    0.00    0.00    0.00   97.51
10:28:19 AM    6    3.02    0.00    0.50    0.00    0.00    0.00    0.00    0.00    0.00   96.48
10:28:19 AM    7    1.51    0.00    0.00    0.00    0.00    0.00    0.00    0.00    0.00   98.49
10:28:19 AM    8    2.00    0.00    0.50    0.00    0.00    0.00    0.00    0.00    0.00   97.50
10:28:19 AM    9    2.01    0.00    0.00    0.00    0.00    0.00    0.00    0.00    0.00   97.99
10:28:19 AM   10    1.00    0.00    0.00    0.00    0.00    0.00    0.00    0.00    0.00   99.00
10:28:19 AM   11    1.98    0.00    1.49    0.00    0.00    0.00    0.00    0.00    0.00   96.53

10:28:19 AM  CPU    %usr   %nice    %sys %iowait    %irq   %soft  %steal  %guest  %gnice   %idle
10:28:21 AM  all    8.49    0.00    0.04    0.04    0.00    0.00    0.00    0.00    0.00   91.43
10:28:21 AM    0   10.50    0.00    0.50    0.50    0.00    0.00    0.00    0.00    0.00   88.50
10:28:21 AM    1    0.51    0.00    0.00    0.00    0.00    0.00    0.00    0.00    0.00   99.49
10:28:21 AM    2    1.52    0.00    0.00    0.00    0.00    0.00    0.00    0.00    0.00   98.48
10:28:21 AM    3    0.00    0.00    0.00    0.00    0.00    0.00    0.00    0.00    0.00  100.00
10:28:21 AM    4   88.50    0.00    0.00    0.00    0.00    0.00    0.00    0.00    0.00   11.50
10:28:21 AM    5    0.00    0.00    0.00    0.00    0.00    0.00    0.00    0.00    0.00  100.00
10:28:21 AM    6    0.51    0.00    0.00    0.00    0.00    0.00    0.00    0.00    0.00   99.49
10:28:21 AM    7    0.00    0.00    0.00    0.00    0.00    0.00    0.00    0.00    0.00  100.00
10:28:21 AM    8    0.00    0.00    0.00    0.00    0.00    0.00    0.00    0.00    0.00  100.00
10:28:21 AM    9    0.00    0.00    0.00    0.00    0.00    0.00    0.00    0.00    0.00  100.00
10:28:21 AM   10    0.00    0.00    0.00    0.00    0.00    0.00    0.00    0.00    0.00  100.00
10:28:21 AM   11    0.00    0.00    0.00    0.00    0.00    0.00    0.00    0.00    0.00  100.00

10:28:21 AM  CPU    %usr   %nice    %sys %iowait    %irq   %soft  %steal  %guest  %gnice   %idle
10:28:23 AM  all    8.76    0.00    0.08    0.00    0.00    0.00    0.00    0.00    0.00   91.16
10:28:23 AM    0    8.00    0.00    0.00    0.00    0.00    0.00    0.00    0.00    0.00   92.00
10:28:23 AM    1    0.50    0.00    0.00    0.00    0.00    0.00    0.00    0.00    0.00   99.50
10:28:23 AM    2    4.00    0.00    0.50    0.00    0.00    0.00    0.00    0.00    0.00   95.50
10:28:23 AM    3    1.50    0.00    0.00    0.00    0.00    0.00    0.00    0.00    0.00   98.50
10:28:23 AM    4   76.62    0.00    0.00    0.00    0.00    0.00    0.00    0.00    0.00   23.38
10:28:23 AM    5    0.00    0.00    0.00    0.00    0.00    0.00    0.00    0.00    0.00  100.00
10:28:23 AM    6   12.69    0.00    0.00    0.00    0.00    0.00    0.00    0.00    0.00   87.31
10:28:23 AM    7    0.50    0.00    0.00    0.00    0.00    0.00    0.00    0.00    0.00   99.50
10:28:23 AM    8    0.00    0.00    0.00    0.00    0.00    0.00    0.00    0.00    0.00  100.00
10:28:23 AM    9    0.50    0.00    0.50    0.00    0.00    0.00    0.00    0.00    0.00   99.00
10:28:23 AM   10    0.50    0.00    0.00    0.00    0.00    0.00    0.00    0.00    0.00   99.50
10:28:23 AM   11    0.00    0.00    0.00    0.00    0.00    0.00    0.00    0.00    0.00  100.00

10:28:23 AM  CPU    %usr   %nice    %sys %iowait    %irq   %soft  %steal  %guest  %gnice   %idle
10:28:25 AM  all    9.80    0.00    0.46    0.00    0.00    0.04    0.00    0.00    0.00   89.69
10:28:25 AM    0    2.54    0.00    0.51    0.00    0.00    0.00    0.00    0.00    0.00   96.95
10:28:25 AM    1    1.50    0.00    0.50    0.00    0.00    0.50    0.00    0.00    0.00   97.50
10:28:25 AM    2    3.54    0.00    0.51    0.00    0.00    0.00    0.00    0.00    0.00   95.96
10:28:25 AM    3    2.51    0.00    0.50    0.00    0.00    0.00    0.00    0.00    0.00   96.98
10:28:25 AM    4   24.75    0.00    0.00    0.00    0.00    0.00    0.00    0.00    0.00   75.25
10:28:25 AM    5    1.50    0.00    0.50    0.00    0.00    0.00    0.00    0.00    0.00   98.00
10:28:25 AM    6    4.04    0.00    1.01    0.00    0.00    0.00    0.00    0.00    0.00   94.95
10:28:25 AM    7    0.50    0.00    0.50    0.00    0.00    0.00    0.00    0.00    0.00   99.00
10:28:25 AM    8    1.00    0.00    0.50    0.00    0.00    0.00    0.00    0.00    0.00   98.50
10:28:25 AM    9    1.02    0.00    0.00    0.00    0.00    0.00    0.00    0.00    0.00   98.98
10:28:25 AM   10   74.00    0.00    0.50    0.00    0.00    0.00    0.00    0.00    0.00   25.50
10:28:25 AM   11    0.50    0.00    0.50    0.00    0.00    0.00    0.00    0.00    0.00   99.00

10:28:25 AM  CPU    %usr   %nice    %sys %iowait    %irq   %soft  %steal  %guest  %gnice   %idle
10:28:27 AM  all   13.61    0.00    0.51    0.00    0.00    0.00    0.00    0.00    0.00   85.89
10:28:27 AM    0   13.64    0.00    0.51    0.00    0.00    0.00    0.00    0.00    0.00   85.86
10:28:27 AM    1    2.54    0.00    0.51    0.00    0.00    0.00    0.00    0.00    0.00   96.95
10:28:27 AM    2    8.12    0.00    0.51    0.00    0.00    0.00    0.00    0.00    0.00   91.37
10:28:27 AM    3    6.00    0.00    0.50    0.00    0.00    0.00    0.00    0.00    0.00   93.50
10:28:27 AM    4   19.00    0.00    0.00    0.00    0.00    0.00    0.00    0.00    0.00   81.00
10:28:27 AM    5   10.66    0.00    1.02    0.00    0.00    0.00    0.00    0.00    0.00   88.32
10:28:27 AM    6    5.64    0.00    1.03    0.00    0.00    0.00    0.00    0.00    0.00   93.33
10:28:27 AM    7    2.54    0.00    0.51    0.00    0.00    0.00    0.00    0.00    0.00   96.95
10:28:27 AM    8    3.54    0.00    0.51    0.00    0.00    0.00    0.00    0.00    0.00   95.96
10:28:27 AM    9    5.00    0.00    0.50    0.00    0.00    0.00    0.00    0.00    0.00   94.50
10:28:27 AM   10   83.42    0.00    0.00    0.00    0.00    0.00    0.00    0.00    0.00   16.58
10:28:27 AM   11    2.55    0.00    0.51    0.00    0.00    0.00    0.00    0.00    0.00   96.94

10:28:27 AM  CPU    %usr   %nice    %sys %iowait    %irq   %soft  %steal  %guest  %gnice   %idle
10:28:29 AM  all   10.95    0.00    0.50    0.00    0.00    0.00    0.00    0.00    0.00   88.55
10:28:29 AM    0    5.50    0.00    1.00    0.00    0.00    0.00    0.00    0.00    0.00   93.50
10:28:29 AM    1    2.01    0.00    0.50    0.00    0.00    0.00    0.00    0.00    0.00   97.49
10:28:29 AM    2    6.50    0.00    0.50    0.00    0.00    0.00    0.00    0.00    0.00   93.00
10:28:29 AM    3    2.02    0.00    0.51    0.00    0.00    0.00    0.00    0.00    0.00   97.47
10:28:29 AM    4   24.50    0.00    0.50    0.00    0.00    0.00    0.00    0.00    0.00   75.00
10:28:29 AM    5    2.00    0.00    0.50    0.00    0.00    0.00    0.00    0.00    0.00   97.50
10:28:29 AM    6    2.54    0.00    0.51    0.00    0.00    0.00    0.00    0.00    0.00   96.95
10:28:29 AM    7    2.00    0.00    0.50    0.00    0.00    0.00    0.00    0.00    0.00   97.50
10:28:29 AM    8    1.50    0.00    0.50    0.00    0.00    0.00    0.00    0.00    0.00   98.00
10:28:29 AM    9    2.49    0.00    0.50    0.00    0.00    0.00    0.00    0.00    0.00   97.01
10:28:29 AM   10   76.38    0.00    0.50    0.00    0.00    0.00    0.00    0.00    0.00   23.12
10:28:29 AM   11    4.02    0.00    0.00    0.00    0.00    0.00    0.00    0.00    0.00   95.98

10:28:29 AM  CPU    %usr   %nice    %sys %iowait    %irq   %soft  %steal  %guest  %gnice   %idle
10:28:31 AM  all    8.60    0.00    0.04    0.00    0.00    0.00    0.00    0.00    0.00   91.35
10:28:31 AM    0    0.50    0.00    0.00    0.00    0.00    0.00    0.00    0.00    0.00   99.50
10:28:31 AM    1    0.50    0.00    0.00    0.00    0.00    0.00    0.00    0.00    0.00   99.50
10:28:31 AM    2    0.50    0.00    0.00    0.00    0.00    0.00    0.00    0.00    0.00   99.50
10:28:31 AM    3    0.50    0.00    0.00    0.00    0.00    0.00    0.00    0.00    0.00   99.50
10:28:31 AM    4    0.00    0.00    0.00    0.00    0.00    0.00    0.00    0.00    0.00  100.00
10:28:31 AM    5    0.50    0.00    0.00    0.00    0.00    0.00    0.00    0.00    0.00   99.50
10:28:31 AM    6    0.50    0.00    0.50    0.00    0.00    0.00    0.00    0.00    0.00   98.99
10:28:31 AM    7    0.00    0.00    0.00    0.00    0.00    0.00    0.00    0.00    0.00  100.00
10:28:31 AM    8    0.00    0.00    0.00    0.00    0.00    0.00    0.00    0.00    0.00  100.00
10:28:31 AM    9    0.00    0.00    0.00    0.00    0.00    0.00    0.00    0.00    0.00  100.00
10:28:31 AM   10  100.00    0.00    0.00    0.00    0.00    0.00    0.00    0.00    0.00    0.00
10:28:31 AM   11    0.00    0.00    0.00    0.00    0.00    0.00    0.00    0.00    0.00  100.00

10:28:31 AM  CPU    %usr   %nice    %sys %iowait    %irq   %soft  %steal  %guest  %gnice   %idle
10:28:33 AM  all    9.02    0.00    0.13    0.08    0.00    0.00    0.00    0.00    0.00   90.77
10:28:33 AM    0    2.53    0.00    0.51    0.00    0.00    0.00    0.00    0.00    0.00   96.97
10:28:33 AM    1    0.50    0.00    0.00    0.00    0.00    0.00    0.00    0.00    0.00   99.50
10:28:33 AM    2    0.50    0.00    0.00    0.00    0.00    0.00    0.00    0.00    0.00   99.50
10:28:33 AM    3    0.50    0.00    0.50    0.00    0.00    0.00    0.00    0.00    0.00   99.01
10:28:33 AM    4   74.00    0.00    0.00    0.00    0.00    0.00    0.00    0.00    0.00   26.00
10:28:33 AM    5    1.00    0.00    0.50    0.00    0.00    0.00    0.00    0.00    0.00   98.50
10:28:33 AM    6    0.51    0.00    0.00    0.51    0.00    0.00    0.00    0.00    0.00   98.99
10:28:33 AM    7    0.50    0.00    0.00    0.50    0.00    0.00    0.00    0.00    0.00   99.00
10:28:33 AM    8    0.00    0.00    0.00    0.00    0.00    0.00    0.00    0.00    0.00  100.00
10:28:33 AM    9    1.50    0.00    0.00    0.00    0.00    0.00    0.00    0.00    0.00   98.50
10:28:33 AM   10   26.00    0.00    0.00    0.00    0.00    0.00    0.00    0.00    0.00   74.00
10:28:33 AM   11    0.50    0.00    0.00    0.00    0.00    0.00    0.00    0.00    0.00   99.50

10:28:33 AM  CPU    %usr   %nice    %sys %iowait    %irq   %soft  %steal  %guest  %gnice   %idle
10:28:35 AM  all    8.73    0.00    0.13    0.00    0.00    0.00    0.00    0.00    0.00   91.15
10:28:35 AM    0    0.50    0.00    0.50    0.00    0.00    0.00    0.00    0.00    0.00   99.00
10:28:35 AM    1    0.50    0.00    0.00    0.00    0.00    0.00    0.00    0.00    0.00   99.50
10:28:35 AM    2    1.49    0.00    0.50    0.00    0.00    0.00    0.00    0.00    0.00   98.01
10:28:35 AM    3    0.00    0.00    0.00    0.00    0.00    0.00    0.00    0.00    0.00  100.00
10:28:35 AM    4  100.00    0.00    0.00    0.00    0.00    0.00    0.00    0.00    0.00    0.00
10:28:35 AM    5    0.50    0.00    0.00    0.00    0.00    0.00    0.00    0.00    0.00   99.50
10:28:35 AM    6    0.00    0.00    0.00    0.00    0.00    0.00    0.00    0.00    0.00  100.00
10:28:35 AM    7    0.00    0.00    0.00    0.00    0.00    0.00    0.00    0.00    0.00  100.00
10:28:35 AM    8    1.50    0.00    0.00    0.00    0.00    0.00    0.00    0.00    0.00   98.50
10:28:35 AM    9    0.00    0.00    0.00    0.00    0.00    0.00    0.00    0.00    0.00  100.00
10:28:35 AM   10    0.00    0.00    0.00    0.00    0.00    0.00    0.00    0.00    0.00  100.00
10:28:35 AM   11    0.00    0.00    0.50    0.00    0.00    0.00    0.00    0.00    0.00   99.50

10:28:35 AM  CPU    %usr   %nice    %sys %iowait    %irq   %soft  %steal  %guest  %gnice   %idle
10:28:37 AM  all    8.93    0.00    0.13    0.04    0.00    0.00    0.00    0.00    0.00   90.90
10:28:37 AM    0    4.52    0.00    0.00    0.00    0.00    0.00    0.00    0.00    0.00   95.48
10:28:37 AM    1    0.00    0.00    0.00    0.00    0.00    0.00    0.00    0.00    0.00  100.00
10:28:37 AM    2    2.00    0.00    0.00    0.50    0.00    0.00    0.00    0.00    0.00   97.50
10:28:37 AM    3    0.00    0.00    0.00    0.00    0.00    0.00    0.00    0.00    0.00  100.00
10:28:37 AM    4   98.50    0.00    0.00    0.00    0.00    0.00    0.00    0.00    0.00    1.50
10:28:37 AM    5    0.00    0.00    0.00    0.00    0.00    0.00    0.00    0.00    0.00  100.00
10:28:37 AM    6    0.50    0.00    0.50    0.00    0.00    0.00    0.00    0.00    0.00   98.99
10:28:37 AM    7    0.50    0.00    0.00    0.00    0.00    0.00    0.00    0.00    0.00   99.50
10:28:37 AM    8    0.50    0.00    0.50    0.00    0.00    0.00    0.00    0.00    0.00   99.00
10:28:37 AM    9    0.00    0.00    0.50    0.00    0.00    0.00    0.00    0.00    0.00   99.50
10:28:37 AM   10    0.50    0.00    0.00    0.00    0.00    0.00    0.00    0.00    0.00   99.50
10:28:37 AM   11    0.00    0.00    0.00    0.00    0.00    0.00    0.00    0.00    0.00  100.00

10:28:37 AM  CPU    %usr   %nice    %sys %iowait    %irq   %soft  %steal  %guest  %gnice   %idle
10:28:39 AM  all    8.52    0.00    0.04    0.00    0.00    0.04    0.00    0.00    0.00   91.40
10:28:39 AM    0   44.22    0.00    0.00    0.00    0.00    0.00    0.00    0.00    0.00   55.78
10:28:39 AM    1    0.50    0.00    0.00    0.00    0.00    0.00    0.00    0.00    0.00   99.50
10:28:39 AM    2    0.00    0.00    0.00    0.00    0.00    0.00    0.00    0.00    0.00  100.00
10:28:39 AM    3    0.50    0.00    0.50    0.00    0.00    0.00    0.00    0.00    0.00   99.00
10:28:39 AM    4   55.50    0.00    0.00    0.00    0.00    0.00    0.00    0.00    0.00   44.50
10:28:39 AM    5    0.50    0.00    0.00    0.00    0.00    0.00    0.00    0.00    0.00   99.50
10:28:39 AM    6    0.51    0.00    0.00    0.00    0.00    0.00    0.00    0.00    0.00   99.49
10:28:39 AM    7    0.00    0.00    0.00    0.00    0.00    0.00    0.00    0.00    0.00  100.00
10:28:39 AM    8    0.00    0.00    0.00    0.00    0.00    0.00    0.00    0.00    0.00  100.00
10:28:39 AM    9    0.00    0.00    0.00    0.00    0.00    0.00    0.00    0.00    0.00  100.00
10:28:39 AM   10    0.50    0.00    0.00    0.00    0.00    0.00    0.00    0.00    0.00   99.50
10:28:39 AM   11    0.00    0.00    0.00    0.00    0.00    0.50    0.00    0.00    0.00   99.50

10:28:39 AM  CPU    %usr   %nice    %sys %iowait    %irq   %soft  %steal  %guest  %gnice   %idle
10:28:41 AM  all    8.44    0.00    0.08    0.00    0.00    0.00    0.00    0.00    0.00   91.48
10:28:41 AM    0   61.00    0.00    0.00    0.00    0.00    0.00    0.00    0.00    0.00   39.00
10:28:41 AM    1    0.50    0.00    0.50    0.00    0.00    0.00    0.00    0.00    0.00   99.00
10:28:41 AM    2    2.50    0.00    0.00    0.00    0.00    0.00    0.00    0.00    0.00   97.50
10:28:41 AM    3    0.50    0.00    0.00    0.00    0.00    0.00    0.00    0.00    0.00   99.50
10:28:41 AM    4   36.50    0.00    0.00    0.00    0.00    0.00    0.00    0.00    0.00   63.50
10:28:41 AM    5    0.00    0.00    0.50    0.00    0.00    0.00    0.00    0.00    0.00   99.50
10:28:41 AM    6    0.00    0.00    0.00    0.00    0.00    0.00    0.00    0.00    0.00  100.00
10:28:41 AM    7    0.00    0.00    0.00    0.00    0.00    0.00    0.00    0.00    0.00  100.00
10:28:41 AM    8    0.00    0.00    0.00    0.00    0.00    0.00    0.00    0.00    0.00  100.00
10:28:41 AM    9    0.00    0.00    0.00    0.00    0.00    0.00    0.00    0.00    0.00  100.00
10:28:41 AM   10    0.00    0.00    0.00    0.00    0.00    0.00    0.00    0.00    0.00  100.00
10:28:41 AM   11    0.00    0.00    0.00    0.00    0.00    0.00    0.00    0.00    0.00  100.00

10:28:41 AM  CPU    %usr   %nice    %sys %iowait    %irq   %soft  %steal  %guest  %gnice   %idle
10:28:43 AM  all    8.44    0.00    0.08    0.04    0.00    0.00    0.00    0.00    0.00   91.44
10:28:43 AM    0    6.50    0.00    0.50    0.00    0.00    0.00    0.00    0.00    0.00   93.00
10:28:43 AM    1    0.50    0.00    0.00    0.00    0.00    0.00    0.00    0.00    0.00   99.50
10:28:43 AM    2    0.00    0.00    0.50    0.00    0.00    0.00    0.00    0.00    0.00   99.50
10:28:43 AM    3    0.00    0.00    0.00    0.50    0.00    0.00    0.00    0.00    0.00   99.50
10:28:43 AM    4   93.50    0.00    0.00    0.00    0.00    0.00    0.00    0.00    0.00    6.50
10:28:43 AM    5    0.00    0.00    0.00    0.00    0.00    0.00    0.00    0.00    0.00  100.00
10:28:43 AM    6    0.51    0.00    0.00    0.00    0.00    0.00    0.00    0.00    0.00   99.49
10:28:43 AM    7    0.00    0.00    0.00    0.00    0.00    0.00    0.00    0.00    0.00  100.00
10:28:43 AM    8    0.00    0.00    0.00    0.00    0.00    0.00    0.00    0.00    0.00  100.00
10:28:43 AM    9    0.00    0.00    0.00    0.00    0.00    0.00    0.00    0.00    0.00  100.00
10:28:43 AM   10    0.00    0.00    0.00    0.00    0.00    0.00    0.00    0.00    0.00  100.00
10:28:43 AM   11    0.00    0.00    0.00    0.00    0.00    0.00    0.00    0.00    0.00  100.00

10:28:43 AM  CPU    %usr   %nice    %sys %iowait    %irq   %soft  %steal  %guest  %gnice   %idle
10:28:45 AM  all    8.51    0.00    0.00    0.00    0.00    0.00    0.00    0.00    0.00   91.49
10:28:45 AM    0    0.50    0.00    0.00    0.00    0.00    0.00    0.00    0.00    0.00   99.50
10:28:45 AM    1    0.50    0.00    0.00    0.00    0.00    0.00    0.00    0.00    0.00   99.50
10:28:45 AM    2    1.00    0.00    0.00    0.00    0.00    0.00    0.00    0.00    0.00   99.00
10:28:45 AM    3    0.00    0.00    0.00    0.00    0.00    0.00    0.00    0.00    0.00  100.00
10:28:45 AM    4   65.00    0.00    0.00    0.00    0.00    0.00    0.00    0.00    0.00   35.00
10:28:45 AM    5    0.00    0.00    0.00    0.00    0.00    0.00    0.00    0.00    0.00  100.00
10:28:45 AM    6    0.51    0.00    0.00    0.00    0.00    0.00    0.00    0.00    0.00   99.49
10:28:45 AM    7    0.00    0.00    0.00    0.00    0.00    0.00    0.00    0.00    0.00  100.00
10:28:45 AM    8    0.00    0.00    0.00    0.00    0.00    0.00    0.00    0.00    0.00  100.00
10:28:45 AM    9    0.00    0.00    0.00    0.00    0.00    0.00    0.00    0.00    0.00  100.00
10:28:45 AM   10   34.33    0.00    0.00    0.00    0.00    0.00    0.00    0.00    0.00   65.67
10:28:45 AM   11    0.00    0.00    0.00    0.00    0.00    0.00    0.00    0.00    0.00  100.00

10:28:45 AM  CPU    %usr   %nice    %sys %iowait    %irq   %soft  %steal  %guest  %gnice   %idle
10:28:47 AM  all    8.52    0.00    0.04    0.04    0.00    0.04    0.00    0.00    0.00   91.36
10:28:47 AM    0    0.00    0.00    0.00    0.00    0.00    0.00    0.00    0.00    0.00  100.00
10:28:47 AM    1    0.00    0.00    0.00    0.00    0.00    0.00    0.00    0.00    0.00  100.00
10:28:47 AM    2    0.00    0.00    0.00    0.00    0.00    0.00    0.00    0.00    0.00  100.00
10:28:47 AM    3    0.50    0.00    0.00    0.00    0.00    0.00    0.00    0.00    0.00   99.50
10:28:47 AM    4    0.00    0.00    0.00    0.00    0.00    0.00    0.00    0.00    0.00  100.00
10:28:47 AM    5    0.00    0.00    0.00    0.00    0.00    0.00    0.00    0.00    0.00  100.00
10:28:47 AM    6    0.00    0.00    0.51    0.51    0.00    0.00    0.00    0.00    0.00   98.99
10:28:47 AM    7    0.00    0.00    0.00    0.00    0.00    0.00    0.00    0.00    0.00  100.00
10:28:47 AM    8    0.50    0.00    0.00    0.00    0.00    0.00    0.00    0.00    0.00   99.50
10:28:47 AM    9    0.50    0.00    0.00    0.00    0.00    0.00    0.00    0.00    0.00   99.50
10:28:47 AM   10   99.50    0.00    0.00    0.00    0.00    0.50    0.00    0.00    0.00    0.00
10:28:47 AM   11    0.50    0.00    0.00    0.00    0.00    0.00    0.00    0.00    0.00   99.50

10:28:47 AM  CPU    %usr   %nice    %sys %iowait    %irq   %soft  %steal  %guest  %gnice   %idle
10:28:49 AM  all    8.52    0.00    0.04    0.00    0.00    0.00    0.00    0.00    0.00   91.43
10:28:49 AM    0    0.50    0.00    0.00    0.00    0.00    0.00    0.00    0.00    0.00   99.50
10:28:49 AM    1    0.00    0.00    0.00    0.00    0.00    0.00    0.00    0.00    0.00  100.00
10:28:49 AM    2    0.50    0.00    0.00    0.00    0.00    0.00    0.00    0.00    0.00   99.50
10:28:49 AM    3    0.00    0.00    0.00    0.00    0.00    0.00    0.00    0.00    0.00  100.00
10:28:49 AM    4    0.00    0.00    0.00    0.00    0.00    0.00    0.00    0.00    0.00  100.00
10:28:49 AM    5    0.50    0.00    0.00    0.00    0.00    0.00    0.00    0.00    0.00   99.50
10:28:49 AM    6    0.51    0.00    0.00    0.00    0.00    0.00    0.00    0.00    0.00   99.49
10:28:49 AM    7    0.00    0.00    0.50    0.00    0.00    0.00    0.00    0.00    0.00   99.50
10:28:49 AM    8    0.00    0.00    0.00    0.00    0.00    0.00    0.00    0.00    0.00  100.00
10:28:49 AM    9    0.00    0.00    0.00    0.00    0.00    0.00    0.00    0.00    0.00  100.00
10:28:49 AM   10  100.00    0.00    0.00    0.00    0.00    0.00    0.00    0.00    0.00    0.00
10:28:49 AM   11    0.00    0.00    0.00    0.00    0.00    0.00    0.00    0.00    0.00  100.00

10:28:49 AM  CPU    %usr   %nice    %sys %iowait    %irq   %soft  %steal  %guest  %gnice   %idle
10:28:51 AM  all    8.52    0.00    0.04    0.00    0.00    0.00    0.00    0.00    0.00   91.44
10:28:51 AM    0    0.50    0.00    0.50    0.00    0.00    0.00    0.00    0.00    0.00   99.00
10:28:51 AM    1    0.50    0.00    0.00    0.00    0.00    0.00    0.00    0.00    0.00   99.50
10:28:51 AM    2    0.00    0.00    0.00    0.00    0.00    0.00    0.00    0.00    0.00  100.00
10:28:51 AM    3    0.50    0.00    0.00    0.00    0.00    0.00    0.00    0.00    0.00   99.50
10:28:51 AM    4   18.41    0.00    0.00    0.00    0.00    0.00    0.00    0.00    0.00   81.59
10:28:51 AM    5    0.00    0.00    0.00    0.00    0.00    0.00    0.00    0.00    0.00  100.00
10:28:51 AM    6    0.51    0.00    0.00    0.00    0.00    0.00    0.00    0.00    0.00   99.49
10:28:51 AM    7    0.00    0.00    0.00    0.00    0.00    0.00    0.00    0.00    0.00  100.00
10:28:51 AM    8    0.00    0.00    0.00    0.00    0.00    0.00    0.00    0.00    0.00  100.00
10:28:51 AM    9    0.00    0.00    0.00    0.00    0.00    0.00    0.00    0.00    0.00  100.00
10:28:51 AM   10   81.91    0.00    0.00    0.00    0.00    0.00    0.00    0.00    0.00   18.09
10:28:51 AM   11    0.00    0.00    0.00    0.00    0.00    0.00    0.00    0.00    0.00  100.00

10:28:51 AM  CPU    %usr   %nice    %sys %iowait    %irq   %soft  %steal  %guest  %gnice   %idle
10:28:53 AM  all    8.48    0.00    0.04    0.00    0.00    0.00    0.00    0.00    0.00   91.48
10:28:53 AM    0   24.00    0.00    0.00    0.00    0.00    0.00    0.00    0.00    0.00   76.00
10:28:53 AM    1    0.00    0.00    0.00    0.00    0.00    0.00    0.00    0.00    0.00  100.00
10:28:53 AM    2    2.50    0.00    0.00    0.00    0.00    0.00    0.00    0.00    0.00   97.50
10:28:53 AM    3    0.00    0.00    0.00    0.00    0.00    0.00    0.00    0.00    0.00  100.00
10:28:53 AM    4   74.37    0.00    0.00    0.00    0.00    0.00    0.00    0.00    0.00   25.63
10:28:53 AM    5    0.00    0.00    0.00    0.00    0.00    0.00    0.00    0.00    0.00  100.00
10:28:53 AM    6    0.51    0.00    0.00    0.00    0.00    0.00    0.00    0.00    0.00   99.49
10:28:53 AM    7    0.00    0.00    0.00    0.00    0.00    0.00    0.00    0.00    0.00  100.00
10:28:53 AM    8    0.50    0.00    0.50    0.00    0.00    0.00    0.00    0.00    0.00   99.01
10:28:53 AM    9    0.00    0.00    0.00    0.00    0.00    0.00    0.00    0.00    0.00  100.00
10:28:53 AM   10    0.00    0.00    0.00    0.00    0.00    0.00    0.00    0.00    0.00  100.00
10:28:53 AM   11    0.00    0.00    0.00    0.00    0.00    0.00    0.00    0.00    0.00  100.00

10:28:53 AM  CPU    %usr   %nice    %sys %iowait    %irq   %soft  %steal  %guest  %gnice   %idle
10:28:55 AM  all    8.52    0.00    0.04    0.00    0.00    0.00    0.00    0.00    0.00   91.43
10:28:55 AM    0   16.00    0.00    0.00    0.00    0.00    0.00    0.00    0.00    0.00   84.00
10:28:55 AM    1    0.00    0.00    0.00    0.00    0.00    0.00    0.00    0.00    0.00  100.00
10:28:55 AM    2    0.50    0.00    0.50    0.00    0.00    0.00    0.00    0.00    0.00   99.00
10:28:55 AM    3    0.50    0.00    0.00    0.00    0.00    0.00    0.00    0.00    0.00   99.50
10:28:55 AM    4   83.58    0.00    0.00    0.00    0.00    0.00    0.00    0.00    0.00   16.42
10:28:55 AM    5    0.50    0.00    0.00    0.00    0.00    0.00    0.00    0.00    0.00   99.50
10:28:55 AM    6    0.00    0.00    0.00    0.00    0.00    0.00    0.00    0.00    0.00  100.00
10:28:55 AM    7    0.00    0.00    0.00    0.00    0.00    0.00    0.00    0.00    0.00  100.00
10:28:55 AM    8    0.00    0.00    0.00    0.00    0.00    0.00    0.00    0.00    0.00  100.00
10:28:55 AM    9    0.50    0.00    0.00    0.00    0.00    0.00    0.00    0.00    0.00   99.50
10:28:55 AM   10    0.00    0.00    0.00    0.00    0.00    0.00    0.00    0.00    0.00  100.00
10:28:55 AM   11    0.00    0.00    0.00    0.00    0.00    0.00    0.00    0.00    0.00  100.00

10:28:55 AM  CPU    %usr   %nice    %sys %iowait    %irq   %soft  %steal  %guest  %gnice   %idle
10:28:57 AM  all    8.44    0.00    0.04    0.00    0.00    0.00    0.00    0.00    0.00   91.52
10:28:57 AM    0   24.12    0.00    0.00    0.00    0.00    0.00    0.00    0.00    0.00   75.88
10:28:57 AM    1    0.00    0.00    0.00    0.00    0.00    0.00    0.00    0.00    0.00  100.00
10:28:57 AM    2    1.00    0.00    0.00    0.00    0.00    0.00    0.00    0.00    0.00   99.00
10:28:57 AM    3    1.01    0.00    0.00    0.00    0.00    0.00    0.00    0.00    0.00   98.99
10:28:57 AM    4   74.87    0.00    0.00    0.00    0.00    0.00    0.00    0.00    0.00   25.13
10:28:57 AM    5    0.00    0.00    0.00    0.00    0.00    0.00    0.00    0.00    0.00  100.00
10:28:57 AM    6    0.50    0.00    0.50    0.00    0.00    0.00    0.00    0.00    0.00   98.99
10:28:57 AM    7    0.00    0.00    0.00    0.00    0.00    0.00    0.00    0.00    0.00  100.00
10:28:57 AM    8    0.00    0.00    0.00    0.00    0.00    0.00    0.00    0.00    0.00  100.00
10:28:57 AM    9    0.00    0.00    0.00    0.00    0.00    0.00    0.00    0.00    0.00  100.00
10:28:57 AM   10    0.00    0.00    0.00    0.00    0.00    0.00    0.00    0.00    0.00  100.00
10:28:57 AM   11    0.00    0.00    0.00    0.00    0.00    0.00    0.00    0.00    0.00  100.00

10:28:57 AM  CPU    %usr   %nice    %sys %iowait    %irq   %soft  %steal  %guest  %gnice   %idle
10:28:59 AM  all    8.47    0.00    0.17    0.08    0.00    0.00    0.00    0.00    0.00   91.28
10:28:59 AM    0    0.50    0.00    0.00    0.00    0.00    0.00    0.00    0.00    0.00   99.50
10:28:59 AM    1    0.00    0.00    0.00    0.00    0.00    0.00    0.00    0.00    0.00  100.00
10:28:59 AM    2    0.50    0.00    0.00    0.00    0.00    0.00    0.00    0.00    0.00   99.50
10:28:59 AM    3    0.00    0.00    0.50    0.00    0.00    0.00    0.00    0.00    0.00   99.50
10:28:59 AM    4  100.00    0.00    0.00    0.00    0.00    0.00    0.00    0.00    0.00    0.00
10:28:59 AM    5    0.50    0.00    0.50    0.50    0.00    0.00    0.00    0.00    0.00   98.51
10:28:59 AM    6    0.00    0.00    0.00    0.51    0.00    0.00    0.00    0.00    0.00   99.49
10:28:59 AM    7    0.00    0.00    0.00    0.00    0.00    0.00    0.00    0.00    0.00  100.00
10:28:59 AM    8    0.00    0.00    0.50    0.00    0.00    0.00    0.00    0.00    0.00   99.50
10:28:59 AM    9    0.00    0.00    0.50    0.00    0.00    0.00    0.00    0.00    0.00   99.50
10:28:59 AM   10    0.00    0.00    0.00    0.00    0.00    0.00    0.00    0.00    0.00  100.00
10:28:59 AM   11    0.00    0.00    0.00    0.00    0.00    0.00    0.00    0.00    0.00  100.00

10:28:59 AM  CPU    %usr   %nice    %sys %iowait    %irq   %soft  %steal  %guest  %gnice   %idle
10:29:01 AM  all    8.56    0.00    0.08    0.00    0.00    0.00    0.00    0.00    0.00   91.36
10:29:01 AM    0    0.50    0.00    0.50    0.00    0.00    0.00    0.00    0.00    0.00   99.00
10:29:01 AM    1    0.50    0.00    0.00    0.00    0.00    0.00    0.00    0.00    0.00   99.50
10:29:01 AM    2    0.50    0.00    0.50    0.00    0.00    0.00    0.00    0.00    0.00   99.00
10:29:01 AM    3    0.50    0.00    0.00    0.00    0.00    0.00    0.00    0.00    0.00   99.50
10:29:01 AM    4   99.50    0.00    0.00    0.00    0.00    0.00    0.00    0.00    0.00    0.50
10:29:01 AM    5    1.00    0.00    0.00    0.00    0.00    0.00    0.00    0.00    0.00   99.00
10:29:01 AM    6    0.00    0.00    0.00    0.00    0.00    0.00    0.00    0.00    0.00  100.00
10:29:01 AM    7    0.00    0.00    0.00    0.00    0.00    0.00    0.00    0.00    0.00  100.00
10:29:01 AM    8    0.00    0.00    0.00    0.00    0.00    0.00    0.00    0.00    0.00  100.00
10:29:01 AM    9    0.00    0.00    0.00    0.00    0.00    0.00    0.00    0.00    0.00  100.00
10:29:01 AM   10    0.00    0.00    0.00    0.00    0.00    0.00    0.00    0.00    0.00  100.00
10:29:01 AM   11    0.00    0.00    0.00    0.00    0.00    0.00    0.00    0.00    0.00  100.00

10:29:01 AM  CPU    %usr   %nice    %sys %iowait    %irq   %soft  %steal  %guest  %gnice   %idle
10:29:03 AM  all    9.72    0.00    0.38    0.04    0.00    0.00    0.00    0.00    0.00   89.86
10:29:03 AM    0   13.57    0.00    0.00    0.00    0.00    0.00    0.00    0.00    0.00   86.43
10:29:03 AM    1    0.50    0.00    0.50    0.00    0.00    0.00    0.00    0.00    0.00   99.00
10:29:03 AM    2    2.01    0.00    0.00    0.00    0.00    0.00    0.00    0.00    0.00   97.99
10:29:03 AM    3    2.01    0.00    0.00    0.00    0.00    0.00    0.00    0.00    0.00   97.99
10:29:03 AM    4   88.50    0.00    0.00    0.00    0.00    0.00    0.00    0.00    0.00   11.50
10:29:03 AM    5    1.50    0.00    0.50    0.50    0.00    0.00    0.00    0.00    0.00   97.50
10:29:03 AM    6    2.01    0.00    0.50    0.00    0.00    0.00    0.00    0.00    0.00   97.49
10:29:03 AM    7    2.02    0.00    0.00    0.00    0.00    0.00    0.00    0.00    0.00   97.98
10:29:03 AM    8    0.00    0.00    0.00    0.00    0.00    0.00    0.00    0.00    0.00  100.00
10:29:03 AM    9    0.50    0.00    0.00    0.00    0.00    0.00    0.00    0.00    0.00   99.50
10:29:03 AM   10    1.94    0.00    2.91    0.00    0.00    0.00    0.00    0.00    0.00   95.15
10:29:03 AM   11    2.01    0.00    0.00    0.00    0.00    0.00    0.00    0.00    0.00   97.99

10:29:03 AM  CPU    %usr   %nice    %sys %iowait    %irq   %soft  %steal  %guest  %gnice   %idle
10:29:05 AM  all    8.63    0.00    0.13    0.00    0.00    0.00    0.00    0.00    0.00   91.25
10:29:05 AM    0   70.65    0.00    0.00    0.00    0.00    0.00    0.00    0.00    0.00   29.35
10:29:05 AM    1    0.50    0.00    0.50    0.00    0.00    0.00    0.00    0.00    0.00   99.00
10:29:05 AM    2    2.99    0.00    0.50    0.00    0.00    0.00    0.00    0.00    0.00   96.52
10:29:05 AM    3    1.00    0.00    0.00    0.00    0.00    0.00    0.00    0.00    0.00   99.00
10:29:05 AM    4   27.00    0.00    0.00    0.00    0.00    0.00    0.00    0.00    0.00   73.00
10:29:05 AM    5    0.00    0.00    0.00    0.00    0.00    0.00    0.00    0.00    0.00  100.00
10:29:05 AM    6    0.51    0.00    0.00    0.00    0.00    0.00    0.00    0.00    0.00   99.49
10:29:05 AM    7    0.50    0.00    0.50    0.00    0.00    0.00    0.00    0.00    0.00   99.01
10:29:05 AM    8    0.00    0.00    0.00    0.00    0.00    0.00    0.00    0.00    0.00  100.00
10:29:05 AM    9    0.00    0.00    0.00    0.00    0.00    0.00    0.00    0.00    0.00  100.00
10:29:05 AM   10    0.00    0.00    0.00    0.00    0.00    0.00    0.00    0.00    0.00  100.00
10:29:05 AM   11    0.00    0.00    0.00    0.00    0.00    0.00    0.00    0.00    0.00  100.00

10:29:05 AM  CPU    %usr   %nice    %sys %iowait    %irq   %soft  %steal  %guest  %gnice   %idle
10:29:07 AM  all    8.48    0.00    0.04    0.00    0.00    0.00    0.00    0.00    0.00   91.48
10:29:07 AM    0    0.00    0.00    0.00    0.00    0.00    0.00    0.00    0.00    0.00  100.00
10:29:07 AM    1    0.50    0.00    0.00    0.00    0.00    0.00    0.00    0.00    0.00   99.50
10:29:07 AM    2    0.50    0.00    0.00    0.00    0.00    0.00    0.00    0.00    0.00   99.50
10:29:07 AM    3    0.00    0.00    0.50    0.00    0.00    0.00    0.00    0.00    0.00   99.50
10:29:07 AM    4  100.00    0.00    0.00    0.00    0.00    0.00    0.00    0.00    0.00    0.00
10:29:07 AM    5    0.00    0.00    0.00    0.00    0.00    0.00    0.00    0.00    0.00  100.00
10:29:07 AM    6    0.00    0.00    0.00    0.00    0.00    0.00    0.00    0.00    0.00  100.00
10:29:07 AM    7    0.00    0.00    0.00    0.00    0.00    0.00    0.00    0.00    0.00  100.00
10:29:07 AM    8    0.50    0.00    0.00    0.00    0.00    0.00    0.00    0.00    0.00   99.50
10:29:07 AM    9    0.00    0.00    0.00    0.00    0.00    0.00    0.00    0.00    0.00  100.00
10:29:07 AM   10    0.00    0.00    0.00    0.00    0.00    0.00    0.00    0.00    0.00  100.00
10:29:07 AM   11    0.00    0.00    0.00    0.00    0.00    0.00    0.00    0.00    0.00  100.00

10:29:07 AM  CPU    %usr   %nice    %sys %iowait    %irq   %soft  %steal  %guest  %gnice   %idle
10:29:09 AM  all    8.47    0.00    0.17    0.00    0.00    0.00    0.00    0.00    0.00   91.36
10:29:09 AM    0    0.50    0.00    0.50    0.00    0.00    0.00    0.00    0.00    0.00   99.00
10:29:09 AM    1    0.00    0.00    0.00    0.00    0.00    0.00    0.00    0.00    0.00  100.00
10:29:09 AM    2    0.50    0.00    0.00    0.00    0.00    0.00    0.00    0.00    0.00   99.50
10:29:09 AM    3    0.00    0.00    0.00    0.00    0.00    0.00    0.00    0.00    0.00  100.00
10:29:09 AM    4   99.50    0.00    0.00    0.00    0.00    0.00    0.00    0.00    0.00    0.50
10:29:09 AM    5    0.50    0.00    0.50    0.00    0.00    0.00    0.00    0.00    0.00   99.00
10:29:09 AM    6    0.50    0.00    0.50    0.00    0.00    0.00    0.00    0.00    0.00   98.99
10:29:09 AM    7    0.00    0.00    0.00    0.00    0.00    0.00    0.00    0.00    0.00  100.00
10:29:09 AM    8    0.00    0.00    0.00    0.00    0.00    0.00    0.00    0.00    0.00  100.00
10:29:09 AM    9    0.00    0.00    0.00    0.00    0.00    0.00    0.00    0.00    0.00  100.00
10:29:09 AM   10    0.00    0.00    0.50    0.00    0.00    0.00    0.00    0.00    0.00   99.50
10:29:09 AM   11    0.00    0.00    0.00    0.00    0.00    0.00    0.00    0.00    0.00  100.00

10:29:09 AM  CPU    %usr   %nice    %sys %iowait    %irq   %soft  %steal  %guest  %gnice   %idle
10:29:11 AM  all    8.48    0.00    0.04    0.00    0.00    0.00    0.00    0.00    0.00   91.48
10:29:11 AM    0    0.50    0.00    0.00    0.00    0.00    0.00    0.00    0.00    0.00   99.50
10:29:11 AM    1    0.50    0.00    0.00    0.00    0.00    0.00    0.00    0.00    0.00   99.50
10:29:11 AM    2    0.50    0.00    0.50    0.00    0.00    0.00    0.00    0.00    0.00   99.00
10:29:11 AM    3    0.00    0.00    0.00    0.00    0.00    0.00    0.00    0.00    0.00  100.00
10:29:11 AM    4  100.00    0.00    0.00    0.00    0.00    0.00    0.00    0.00    0.00    0.00
10:29:11 AM    5    0.00    0.00    0.00    0.00    0.00    0.00    0.00    0.00    0.00  100.00
10:29:11 AM    6    0.00    0.00    0.00    0.00    0.00    0.00    0.00    0.00    0.00  100.00
10:29:11 AM    7    0.00    0.00    0.00    0.00    0.00    0.00    0.00    0.00    0.00  100.00
10:29:11 AM    8    0.00    0.00    0.00    0.00    0.00    0.00    0.00    0.00    0.00  100.00
10:29:11 AM    9    0.00    0.00    0.00    0.00    0.00    0.00    0.00    0.00    0.00  100.00
10:29:11 AM   10    0.00    0.00    0.00    0.00    0.00    0.00    0.00    0.00    0.00  100.00
10:29:11 AM   11    0.00    0.00    0.00    0.00    0.00    0.00    0.00    0.00    0.00  100.00

10:29:11 AM  CPU    %usr   %nice    %sys %iowait    %irq   %soft  %steal  %guest  %gnice   %idle
10:29:13 AM  all    8.49    0.00    0.04    0.04    0.00    0.00    0.00    0.00    0.00   91.43
10:29:13 AM    0    0.50    0.00    0.00    0.00    0.00    0.00    0.00    0.00    0.00   99.50
10:29:13 AM    1    0.00    0.00    0.00    0.00    0.00    0.00    0.00    0.00    0.00  100.00
10:29:13 AM    2    0.51    0.00    0.00    0.00    0.00    0.00    0.00    0.00    0.00   99.49
10:29:13 AM    3    0.00    0.00    0.00    0.00    0.00    0.00    0.00    0.00    0.00  100.00
10:29:13 AM    4  100.00    0.00    0.00    0.00    0.00    0.00    0.00    0.00    0.00    0.00
10:29:13 AM    5    0.50    0.00    0.00    0.00    0.00    0.00    0.00    0.00    0.00   99.50
10:29:13 AM    6    0.00    0.00    0.00    0.51    0.00    0.00    0.00    0.00    0.00   99.49
10:29:13 AM    7    0.00    0.00    0.00    0.00    0.00    0.00    0.00    0.00    0.00  100.00
10:29:13 AM    8    0.00    0.00    0.50    0.00    0.00    0.00    0.00    0.00    0.00   99.50
10:29:13 AM    9    0.00    0.00    0.00    0.00    0.00    0.00    0.00    0.00    0.00  100.00
10:29:13 AM   10    0.00    0.00    0.00    0.00    0.00    0.00    0.00    0.00    0.00  100.00
10:29:13 AM   11    0.00    0.00    0.00    0.00    0.00    0.00    0.00    0.00    0.00  100.00

10:29:13 AM  CPU    %usr   %nice    %sys %iowait    %irq   %soft  %steal  %guest  %gnice   %idle
10:29:15 AM  all    8.68    0.00    0.21    0.00    0.00    0.00    0.00    0.00    0.00   91.11
10:29:15 AM    0    2.01    0.00    0.50    0.00    0.00    0.00    0.00    0.00    0.00   97.49
10:29:15 AM    1    0.00    0.00    0.00    0.00    0.00    0.00    0.00    0.00    0.00  100.00
10:29:15 AM    2    0.50    0.00    0.50    0.00    0.00    0.00    0.00    0.00    0.00   99.00
10:29:15 AM    3    0.50    0.00    0.50    0.00    0.00    0.00    0.00    0.00    0.00   99.00
10:29:15 AM    4  100.00    0.00    0.00    0.00    0.00    0.00    0.00    0.00    0.00    0.00
10:29:15 AM    5    0.00    0.00    0.00    0.00    0.00    0.00    0.00    0.00    0.00  100.00
10:29:15 AM    6    1.01    0.00    0.50    0.00    0.00    0.00    0.00    0.00    0.00   98.49
10:29:15 AM    7    0.00    0.00    0.00    0.00    0.00    0.00    0.00    0.00    0.00  100.00
10:29:15 AM    8    0.00    0.00    0.00    0.00    0.00    0.00    0.00    0.00    0.00  100.00
10:29:15 AM    9    0.00    0.00    0.00    0.00    0.00    0.00    0.00    0.00    0.00  100.00
10:29:15 AM   10    0.00    0.00    0.00    0.00    0.00    0.00    0.00    0.00    0.00  100.00
10:29:15 AM   11    0.00    0.00    0.50    0.00    0.00    0.00    0.00    0.00    0.00   99.50

10:29:15 AM  CPU    %usr   %nice    %sys %iowait    %irq   %soft  %steal  %guest  %gnice   %idle
10:29:17 AM  all    8.42    0.00    0.13    0.00    0.00    0.00    0.00    0.00    0.00   91.45
10:29:17 AM    0    0.50    0.00    0.99    0.00    0.00    0.00    0.00    0.00    0.00   98.51
10:29:17 AM    1    0.50    0.00    0.00    0.00    0.00    0.00    0.00    0.00    0.00   99.50
10:29:17 AM    2    0.00    0.00    0.50    0.00    0.00    0.00    0.00    0.00    0.00   99.50
10:29:17 AM    3    0.00    0.00    0.00    0.00    0.00    0.00    0.00    0.00    0.00  100.00
10:29:17 AM    4  100.00    0.00    0.00    0.00    0.00    0.00    0.00    0.00    0.00    0.00
10:29:17 AM    5    0.00    0.00    0.00    0.00    0.00    0.00    0.00    0.00    0.00  100.00
10:29:17 AM    6    0.00    0.00    0.00    0.00    0.00    0.00    0.00    0.00    0.00  100.00
10:29:17 AM    7    0.00    0.00    0.00    0.00    0.00    0.00    0.00    0.00    0.00  100.00
10:29:17 AM    8    0.00    0.00    0.00    0.00    0.00    0.00    0.00    0.00    0.00  100.00
10:29:17 AM    9    0.00    0.00    0.00    0.00    0.00    0.00    0.00    0.00    0.00  100.00
10:29:17 AM   10    0.00    0.00    0.00    0.00    0.00    0.00    0.00    0.00    0.00  100.00
10:29:17 AM   11    0.00    0.00    0.00    0.00    0.00    0.00    0.00    0.00    0.00  100.00

10:29:17 AM  CPU    %usr   %nice    %sys %iowait    %irq   %soft  %steal  %guest  %gnice   %idle
10:29:19 AM  all    9.05    0.00    0.21    0.04    0.00    0.00    0.00    0.00    0.00   90.70
10:29:19 AM    0    4.50    0.00    1.00    0.00    0.00    0.00    0.00    0.00    0.00   94.50
10:29:19 AM    1    0.00    0.00    0.50    0.00    0.00    0.00    0.00    0.00    0.00   99.50
10:29:19 AM    2    1.01    0.00    0.00    0.00    0.00    0.00    0.00    0.00    0.00   98.99
10:29:19 AM    3    0.50    0.00    0.00    0.00    0.00    0.00    0.00    0.00    0.00   99.50
10:29:19 AM    4  100.00    0.00    0.00    0.00    0.00    0.00    0.00    0.00    0.00    0.00
10:29:19 AM    5    0.50    0.00    0.00    0.00    0.00    0.00    0.00    0.00    0.00   99.50
10:29:19 AM    6    1.00    0.00    0.50    0.50    0.00    0.00    0.00    0.00    0.00   98.00
10:29:19 AM    7    0.50    0.00    0.50    0.00    0.00    0.00    0.00    0.00    0.00   99.00
10:29:19 AM    8    0.00    0.00    0.00    0.00    0.00    0.00    0.00    0.00    0.00  100.00
10:29:19 AM    9    0.50    0.00    0.00    0.00    0.00    0.00    0.00    0.00    0.00   99.50
10:29:19 AM   10    0.00    0.00    0.00    0.00    0.00    0.00    0.00    0.00    0.00  100.00
10:29:19 AM   11    0.00    0.00    0.00    0.00    0.00    0.00    0.00    0.00    0.00  100.00

10:29:19 AM  CPU    %usr   %nice    %sys %iowait    %irq   %soft  %steal  %guest  %gnice   %idle
10:29:21 AM  all    8.47    0.00    0.21    0.04    0.00    0.00    0.00    0.00    0.00   91.28
10:29:21 AM    0    0.49    0.00    1.97    0.00    0.00    0.00    0.00    0.00    0.00   97.54
10:29:21 AM    1    0.00    0.00    0.00    0.50    0.00    0.00    0.00    0.00    0.00   99.50
10:29:21 AM    2    0.50    0.00    0.00    0.00    0.00    0.00    0.00    0.00    0.00   99.50
10:29:21 AM    3    0.00    0.00    0.00    0.00    0.00    0.00    0.00    0.00    0.00  100.00
10:29:21 AM    4  100.00    0.00    0.00    0.00    0.00    0.00    0.00    0.00    0.00    0.00
10:29:21 AM    5    0.00    0.00    0.00    0.00    0.00    0.00    0.00    0.00    0.00  100.00
10:29:21 AM    6    0.00    0.00    0.51    0.00    0.00    0.00    0.00    0.00    0.00   99.49
10:29:21 AM    7    0.00    0.00    0.00    0.00    0.00    0.00    0.00    0.00    0.00  100.00
10:29:21 AM    8    0.00    0.00    0.00    0.00    0.00    0.00    0.00    0.00    0.00  100.00
10:29:21 AM    9    0.00    0.00    0.00    0.00    0.00    0.00    0.00    0.00    0.00  100.00
10:29:21 AM   10    0.00    0.00    0.00    0.00    0.00    0.00    0.00    0.00    0.00  100.00
10:29:21 AM   11    0.50    0.00    0.00    0.00    0.00    0.00    0.00    0.00    0.00   99.50

10:29:21 AM  CPU    %usr   %nice    %sys %iowait    %irq   %soft  %steal  %guest  %gnice   %idle
10:29:23 AM  all    9.35    0.00    0.21    0.00    0.00    0.00    0.00    0.00    0.00   90.44
10:29:23 AM    0    9.00    0.00    1.00    0.00    0.00    0.00    0.00    0.00    0.00   90.00
10:29:23 AM    1    0.50    0.00    0.00    0.00    0.00    0.00    0.00    0.00    0.00   99.50
10:29:23 AM    2    1.00    0.00    0.50    0.00    0.00    0.00    0.00    0.00    0.00   98.50
10:29:23 AM    3    0.50    0.00    0.50    0.00    0.00    0.00    0.00    0.00    0.00   99.00
10:29:23 AM    4   97.00    0.00    0.00    0.00    0.00    0.00    0.00    0.00    0.00    3.00
10:29:23 AM    5    0.50    0.00    0.00    0.00    0.00    0.00    0.00    0.00    0.00   99.50
10:29:23 AM    6    0.50    0.00    0.50    0.00    0.00    0.00    0.00    0.00    0.00   98.99
10:29:23 AM    7    0.50    0.00    0.00    0.00    0.00    0.00    0.00    0.00    0.00   99.50
10:29:23 AM    8    1.51    0.00    0.00    0.00    0.00    0.00    0.00    0.00    0.00   98.49
10:29:23 AM    9    0.50    0.00    0.00    0.00    0.00    0.00    0.00    0.00    0.00   99.50
10:29:23 AM   10    0.50    0.00    0.00    0.00    0.00    0.00    0.00    0.00    0.00   99.50
10:29:23 AM   11    0.00    0.00    0.00    0.00    0.00    0.00    0.00    0.00    0.00  100.00

10:29:23 AM  CPU    %usr   %nice    %sys %iowait    %irq   %soft  %steal  %guest  %gnice   %idle
10:29:25 AM  all    8.67    0.00    0.21    0.04    0.00    0.00    0.00    0.00    0.00   91.08
10:29:25 AM    0    5.45    0.00    1.98    0.50    0.00    0.00    0.00    0.00    0.00   92.08
10:29:25 AM    1    0.50    0.00    0.00    0.00    0.00    0.00    0.00    0.00    0.00   99.50
10:29:25 AM    2    1.00    0.00    0.00    0.00    0.00    0.00    0.00    0.00    0.00   99.00
10:29:25 AM    3    0.50    0.00    0.00    0.00    0.00    0.00    0.00    0.00    0.00   99.50
10:29:25 AM    4   95.00    0.00    0.00    0.00    0.00    0.00    0.00    0.00    0.00    5.00
10:29:25 AM    5    0.50    0.00    0.00    0.00    0.00    0.00    0.00    0.00    0.00   99.50
10:29:25 AM    6    0.50    0.00    0.50    0.00    0.00    0.00    0.00    0.00    0.00   98.99
10:29:25 AM    7    0.00    0.00    0.00    0.00    0.00    0.00    0.00    0.00    0.00  100.00
10:29:25 AM    8    0.50    0.00    0.00    0.00    0.00    0.00    0.00    0.00    0.00   99.50
10:29:25 AM    9    0.00    0.00    0.00    0.00    0.00    0.00    0.00    0.00    0.00  100.00
10:29:25 AM   10    0.00    0.00    0.00    0.00    0.00    0.00    0.00    0.00    0.00  100.00
10:29:25 AM   11    0.00    0.00    0.00    0.00    0.00    0.00    0.00    0.00    0.00  100.00

10:29:25 AM  CPU    %usr   %nice    %sys %iowait    %irq   %soft  %steal  %guest  %gnice   %idle
10:29:27 AM  all    8.37    0.00    0.29    0.00    0.00    0.00    0.00    0.00    0.00   91.34
10:29:27 AM    0    2.97    0.00    0.99    0.00    0.00    0.00    0.00    0.00    0.00   96.04
10:29:27 AM    1    0.00    0.00    0.50    0.00    0.00    0.00    0.00    0.00    0.00   99.50
10:29:27 AM    2    0.50    0.00    0.50    0.00    0.00    0.00    0.00    0.00    0.00   99.00
10:29:27 AM    3    0.00    0.00    0.00    0.00    0.00    0.00    0.00    0.00    0.00  100.00
10:29:27 AM    4   97.00    0.00    0.00    0.00    0.00    0.00    0.00    0.00    0.00    3.00
10:29:27 AM    5    0.00    0.00    0.00    0.00    0.00    0.00    0.00    0.00    0.00  100.00
10:29:27 AM    6    0.00    0.00    1.50    0.00    0.00    0.00    0.00    0.00    0.00   98.50
10:29:27 AM    7    0.00    0.00    0.00    0.00    0.00    0.00    0.00    0.00    0.00  100.00
10:29:27 AM    8    0.00    0.00    0.00    0.00    0.00    0.00    0.00    0.00    0.00  100.00
10:29:27 AM    9    0.00    0.00    0.00    0.00    0.00    0.00    0.00    0.00    0.00  100.00
10:29:27 AM   10    0.00    0.00    0.00    0.00    0.00    0.00    0.00    0.00    0.00  100.00
10:29:27 AM   11    0.00    0.00    0.00    0.00    0.00    0.00    0.00    0.00    0.00  100.00

10:29:27 AM  CPU    %usr   %nice    %sys %iowait    %irq   %soft  %steal  %guest  %gnice   %idle
10:29:29 AM  all    8.43    0.00    0.21    0.00    0.00    0.00    0.00    0.00    0.00   91.36
10:29:29 AM    0    0.50    0.00    1.98    0.00    0.00    0.00    0.00    0.00    0.00   97.52
10:29:29 AM    1    0.00    0.00    0.00    0.00    0.00    0.00    0.00    0.00    0.00  100.00
10:29:29 AM    2    0.50    0.00    0.00    0.00    0.00    0.00    0.00    0.00    0.00   99.50
10:29:29 AM    3    0.00    0.00    0.00    0.00    0.00    0.00    0.00    0.00    0.00  100.00
10:29:29 AM    4  100.00    0.00    0.00    0.00    0.00    0.00    0.00    0.00    0.00    0.00
10:29:29 AM    5    0.00    0.00    0.00    0.00    0.00    0.00    0.00    0.00    0.00  100.00
10:29:29 AM    6    0.00    0.00    0.00    0.00    0.00    0.00    0.00    0.00    0.00  100.00
10:29:29 AM    7    0.00    0.00    0.00    0.00    0.00    0.00    0.00    0.00    0.00  100.00
10:29:29 AM    8    0.00    0.00    0.00    0.00    0.00    0.00    0.00    0.00    0.00  100.00
10:29:29 AM    9    0.00    0.00    0.50    0.00    0.00    0.00    0.00    0.00    0.00   99.50
10:29:29 AM   10    0.00    0.00    0.00    0.00    0.00    0.00    0.00    0.00    0.00  100.00
10:29:29 AM   11    0.00    0.00    0.00    0.00    0.00    0.00    0.00    0.00    0.00  100.00

10:29:29 AM  CPU    %usr   %nice    %sys %iowait    %irq   %soft  %steal  %guest  %gnice   %idle
10:29:31 AM  all    8.46    0.00    0.25    0.00    0.00    0.00    0.00    0.00    0.00   91.29
10:29:31 AM    0    0.50    0.00    0.00    0.00    0.00    0.00    0.00    0.00    0.00   99.50
10:29:31 AM    1    0.00    0.00    0.00    0.00    0.00    0.00    0.00    0.00    0.00  100.00
10:29:31 AM    2    1.50    0.00    0.00    0.00    0.00    0.00    0.00    0.00    0.00   98.50
10:29:31 AM    3    0.00    0.00    0.00    0.00    0.00    0.00    0.00    0.00    0.00  100.00
10:29:31 AM    4   98.50    0.00    0.00    0.00    0.00    0.00    0.00    0.00    0.00    1.50
10:29:31 AM    5    0.00    0.00    0.00    0.00    0.00    0.00    0.00    0.00    0.00  100.00
10:29:31 AM    6    0.50    0.00    1.99    0.00    0.00    0.00    0.00    0.00    0.00   97.51
10:29:31 AM    7    0.00    0.00    0.50    0.00    0.00    0.00    0.00    0.00    0.00   99.50
10:29:31 AM    8    0.00    0.00    0.50    0.00    0.00    0.00    0.00    0.00    0.00   99.50
10:29:31 AM    9    0.50    0.00    0.00    0.00    0.00    0.00    0.00    0.00    0.00   99.50
10:29:31 AM   10    0.00    0.00    0.00    0.00    0.00    0.00    0.00    0.00    0.00  100.00
10:29:31 AM   11    0.00    0.00    0.00    0.00    0.00    0.00    0.00    0.00    0.00  100.00

10:29:31 AM  CPU    %usr   %nice    %sys %iowait    %irq   %soft  %steal  %guest  %gnice   %idle
10:29:33 AM  all    8.55    0.00    0.17    0.00    0.00    0.00    0.00    0.00    0.00   91.28
10:29:33 AM    0    0.50    0.00    0.99    0.00    0.00    0.00    0.00    0.00    0.00   98.51
10:29:33 AM    1    0.00    0.00    0.00    0.00    0.00    0.00    0.00    0.00    0.00  100.00
10:29:33 AM    2    1.50    0.00    0.00    0.00    0.00    0.00    0.00    0.00    0.00   98.50
10:29:33 AM    3    0.50    0.00    0.00    0.00    0.00    0.00    0.00    0.00    0.00   99.50
10:29:33 AM    4   98.00    0.00    0.00    0.00    0.00    0.00    0.00    0.00    0.00    2.00
10:29:33 AM    5    0.00    0.00    0.00    0.00    0.00    0.00    0.00    0.00    0.00  100.00
10:29:33 AM    6    1.00    0.00    1.00    0.00    0.00    0.00    0.00    0.00    0.00   98.00
10:29:33 AM    7    0.00    0.00    0.00    0.00    0.00    0.00    0.00    0.00    0.00  100.00
10:29:33 AM    8    1.00    0.00    0.00    0.00    0.00    0.00    0.00    0.00    0.00   99.00
10:29:33 AM    9    0.00    0.00    0.00    0.00    0.00    0.00    0.00    0.00    0.00  100.00
10:29:33 AM   10    0.00    0.00    0.00    0.00    0.00    0.00    0.00    0.00    0.00  100.00
10:29:33 AM   11    0.00    0.00    0.00    0.00    0.00    0.00    0.00    0.00    0.00  100.00

10:29:33 AM  CPU    %usr   %nice    %sys %iowait    %irq   %soft  %steal  %guest  %gnice   %idle
10:29:35 AM  all    8.43    0.00    0.33    0.04    0.00    0.00    0.00    0.00    0.00   91.20
10:29:35 AM    0    0.51    0.00    0.51    0.00    0.00    0.00    0.00    0.00    0.00   98.99
10:29:35 AM    1    0.00    0.00    0.00    0.00    0.00    0.00    0.00    0.00    0.00  100.00
10:29:35 AM    2    0.50    0.00    0.50    0.00    0.00    0.00    0.00    0.00    0.00   99.00
10:29:35 AM    3    0.00    0.00    0.50    0.00    0.00    0.00    0.00    0.00    0.00   99.50
10:29:35 AM    4  100.00    0.00    0.00    0.00    0.00    0.00    0.00    0.00    0.00    0.00
10:29:35 AM    5    0.00    0.00    0.50    0.00    0.00    0.00    0.00    0.00    0.00   99.50
10:29:35 AM    6    0.00    0.00    1.50    0.50    0.00    0.00    0.00    0.00    0.00   98.00
10:29:35 AM    7    0.00    0.00    0.00    0.00    0.00    0.00    0.00    0.00    0.00  100.00
10:29:35 AM    8    0.00    0.00    0.00    0.00    0.00    0.00    0.00    0.00    0.00  100.00
10:29:35 AM    9    0.00    0.00    0.00    0.00    0.00    0.00    0.00    0.00    0.00  100.00
10:29:35 AM   10    0.00    0.00    0.00    0.00    0.00    0.00    0.00    0.00    0.00  100.00
10:29:35 AM   11    0.00    0.00    0.50    0.00    0.00    0.00    0.00    0.00    0.00   99.50

10:29:35 AM  CPU    %usr   %nice    %sys %iowait    %irq   %soft  %steal  %guest  %gnice   %idle
10:29:37 AM  all    8.54    0.00    0.21    0.00    0.00    0.00    0.00    0.00    0.00   91.25
10:29:37 AM    0    4.93    0.00    1.48    0.00    0.00    0.00    0.00    0.00    0.00   93.60
10:29:37 AM    1    0.00    0.00    0.00    0.00    0.00    0.00    0.00    0.00    0.00  100.00
10:29:37 AM    2    0.50    0.00    0.50    0.00    0.00    0.00    0.00    0.00    0.00   99.00
10:29:37 AM    3    0.00    0.00    0.00    0.00    0.00    0.00    0.00    0.00    0.00  100.00
10:29:37 AM    4   92.50    0.00    0.00    0.00    0.00    0.00    0.00    0.00    0.00    7.50
10:29:37 AM    5    0.50    0.00    0.00    0.00    0.00    0.00    0.00    0.00    0.00   99.50
10:29:37 AM    6    0.50    0.00    0.50    0.00    0.00    0.00    0.00    0.00    0.00   98.99
10:29:37 AM    7    0.00    0.00    0.00    0.00    0.00    0.00    0.00    0.00    0.00  100.00
10:29:37 AM    8    0.00    0.00    0.00    0.00    0.00    0.00    0.00    0.00    0.00  100.00
10:29:37 AM    9    0.00    0.00    0.00    0.00    0.00    0.00    0.00    0.00    0.00  100.00
10:29:37 AM   10    3.50    0.00    0.00    0.00    0.00    0.00    0.00    0.00    0.00   96.50
10:29:37 AM   11    0.00    0.00    0.00    0.00    0.00    0.00    0.00    0.00    0.00  100.00

10:29:37 AM  CPU    %usr   %nice    %sys %iowait    %irq   %soft  %steal  %guest  %gnice   %idle
10:29:39 AM  all   11.48    0.00    0.29    0.04    0.00    0.00    0.00    0.00    0.00   88.19
10:29:39 AM    0    3.52    0.00    1.01    0.00    0.00    0.00    0.00    0.00    0.00   95.48
10:29:39 AM    1    5.03    0.00    0.00    0.00    0.00    0.00    0.00    0.00    0.00   94.97
10:29:39 AM    2    4.50    0.00    1.00    0.00    0.00    0.00    0.00    0.00    0.00   94.50
10:29:39 AM    3    4.00    0.00    0.00    0.00    0.00    0.00    0.00    0.00    0.00   96.00
10:29:39 AM    4   98.00    0.00    0.00    0.00    0.00    0.00    0.00    0.00    0.00    2.00
10:29:39 AM    5    2.50    0.00    0.00    0.00    0.00    0.00    0.00    0.00    0.00   97.50
10:29:39 AM    6    3.00    0.00    1.50    0.50    0.00    0.00    0.00    0.00    0.00   95.00
10:29:39 AM    7    3.50    0.00    0.00    0.00    0.00    0.00    0.00    0.00    0.00   96.50
10:29:39 AM    8    4.50    0.00    0.00    0.00    0.00    0.00    0.00    0.00    0.00   95.50
10:29:39 AM    9    1.50    0.00    0.00    0.00    0.00    0.00    0.00    0.00    0.00   98.50
10:29:39 AM   10    4.02    0.00    0.00    0.00    0.00    0.00    0.00    0.00    0.00   95.98
10:29:39 AM   11    3.52    0.00    0.00    0.00    0.00    0.00    0.00    0.00    0.00   96.48

10:29:39 AM  CPU    %usr   %nice    %sys %iowait    %irq   %soft  %steal  %guest  %gnice   %idle
10:29:41 AM  all    8.51    0.00    0.21    0.00    0.00    0.00    0.00    0.00    0.00   91.28
10:29:41 AM    0    5.94    0.00    0.99    0.00    0.00    0.00    0.00    0.00    0.00   93.07
10:29:41 AM    1    1.00    0.00    0.00    0.00    0.00    0.00    0.00    0.00    0.00   99.00
10:29:41 AM    2    0.00    0.00    0.00    0.00    0.00    0.00    0.00    0.00    0.00  100.00
10:29:41 AM    3    0.50    0.00    0.00    0.00    0.00    0.00    0.00    0.00    0.00   99.50
10:29:41 AM    4   94.00    0.00    0.00    0.00    0.00    0.00    0.00    0.00    0.00    6.00
10:29:41 AM    5    0.00    0.00    0.00    0.00    0.00    0.00    0.00    0.00    0.00  100.00
10:29:41 AM    6    0.00    0.00    1.01    0.00    0.00    0.00    0.00    0.00    0.00   98.99
10:29:41 AM    7    0.00    0.00    0.00    0.00    0.00    0.00    0.00    0.00    0.00  100.00
10:29:41 AM    8    0.00    0.00    0.00    0.00    0.00    0.00    0.00    0.00    0.00  100.00
10:29:41 AM    9    0.00    0.00    0.50    0.00    0.00    0.00    0.00    0.00    0.00   99.50
10:29:41 AM   10    0.50    0.00    0.00    0.00    0.00    0.00    0.00    0.00    0.00   99.50
10:29:41 AM   11    0.00    0.00    0.00    0.00    0.00    0.00    0.00    0.00    0.00  100.00

10:29:41 AM  CPU    %usr   %nice    %sys %iowait    %irq   %soft  %steal  %guest  %gnice   %idle
10:29:43 AM  all    8.43    0.00    0.25    0.00    0.00    0.00    0.00    0.00    0.00   91.32
10:29:43 AM    0   57.50    0.00    0.50    0.00    0.00    0.00    0.00    0.00    0.00   42.00
10:29:43 AM    1    0.00    0.00    0.00    0.00    0.00    0.00    0.00    0.00    0.00  100.00
10:29:43 AM    2    1.49    0.00    0.50    0.00    0.00    0.00    0.00    0.00    0.00   98.01
10:29:43 AM    3    0.00    0.00    0.00    0.00    0.00    0.00    0.00    0.00    0.00  100.00
10:29:43 AM    4   41.29    0.00    1.00    0.00    0.00    0.00    0.00    0.00    0.00   57.71
10:29:43 AM    5    0.00    0.00    0.00    0.00    0.00    0.00    0.00    0.00    0.00  100.00
10:29:43 AM    6    0.50    0.00    0.50    0.00    0.00    0.00    0.00    0.00    0.00   98.99
10:29:43 AM    7    0.00    0.00    0.50    0.00    0.00    0.00    0.00    0.00    0.00   99.50
10:29:43 AM    8    0.00    0.00    0.00    0.00    0.00    0.00    0.00    0.00    0.00  100.00
10:29:43 AM    9    0.00    0.00    0.00    0.00    0.00    0.00    0.00    0.00    0.00  100.00
10:29:43 AM   10    0.00    0.00    0.00    0.00    0.00    0.00    0.00    0.00    0.00  100.00
10:29:43 AM   11    0.00    0.00    0.00    0.00    0.00    0.00    0.00    0.00    0.00  100.00

10:29:43 AM  CPU    %usr   %nice    %sys %iowait    %irq   %soft  %steal  %guest  %gnice   %idle
10:29:45 AM  all    8.45    0.00    0.29    0.00    0.00    0.00    0.00    0.00    0.00   91.25
10:29:45 AM    0    3.48    0.00    0.00    0.00    0.00    0.00    0.00    0.00    0.00   96.52
10:29:45 AM    1    0.00    0.00    0.50    0.00    0.00    0.00    0.00    0.00    0.00   99.50
10:29:45 AM    2    0.50    0.00    0.00    0.00    0.00    0.00    0.00    0.00    0.00   99.50
10:29:45 AM    3    0.50    0.00    0.00    0.00    0.00    0.00    0.00    0.00    0.00   99.50
10:29:45 AM    4   96.50    0.00    0.00    0.00    0.00    0.00    0.00    0.00    0.00    3.50
10:29:45 AM    5    0.00    0.00    0.00    0.00    0.00    0.00    0.00    0.00    0.00  100.00
10:29:45 AM    6    0.00    0.00    2.00    0.00    0.00    0.00    0.00    0.00    0.00   98.00
10:29:45 AM    7    0.00    0.00    0.00    0.00    0.00    0.00    0.00    0.00    0.00  100.00
10:29:45 AM    8    0.50    0.00    0.50    0.00    0.00    0.00    0.00    0.00    0.00   99.01
10:29:45 AM    9    0.00    0.00    0.00    0.00    0.00    0.00    0.00    0.00    0.00  100.00
10:29:45 AM   10    0.00    0.00    0.50    0.00    0.00    0.00    0.00    0.00    0.00   99.50
10:29:45 AM   11    0.00    0.00    0.00    0.00    0.00    0.00    0.00    0.00    0.00  100.00

10:29:45 AM  CPU    %usr   %nice    %sys %iowait    %irq   %soft  %steal  %guest  %gnice   %idle
10:29:47 AM  all    8.42    0.00    0.21    0.00    0.00    0.00    0.00    0.00    0.00   91.37
10:29:47 AM    0   93.50    0.00    0.00    0.00    0.00    0.00    0.00    0.00    0.00    6.50
10:29:47 AM    1    0.00    0.00    0.00    0.00    0.00    0.00    0.00    0.00    0.00  100.00
10:29:47 AM    2    0.99    0.00    0.99    0.00    0.00    0.00    0.00    0.00    0.00   98.02
10:29:47 AM    3    0.00    0.00    0.00    0.00    0.00    0.00    0.00    0.00    0.00  100.00
10:29:47 AM    4    5.50    0.00    0.00    0.00    0.00    0.00    0.00    0.00    0.00   94.50
10:29:47 AM    5    1.00    0.00    0.00    0.00    0.00    0.00    0.00    0.00    0.00   99.00
10:29:47 AM    6    0.00    0.00    1.50    0.00    0.00    0.00    0.00    0.00    0.00   98.50
10:29:47 AM    7    0.00    0.00    0.00    0.00    0.00    0.00    0.00    0.00    0.00  100.00
10:29:47 AM    8    0.00    0.00    0.00    0.00    0.00    0.00    0.00    0.00    0.00  100.00
10:29:47 AM    9    0.00    0.00    0.00    0.00    0.00    0.00    0.00    0.00    0.00  100.00
10:29:47 AM   10    0.00    0.00    0.00    0.00    0.00    0.00    0.00    0.00    0.00  100.00
10:29:47 AM   11    0.00    0.00    0.00    0.00    0.00    0.00    0.00    0.00    0.00  100.00

10:29:47 AM  CPU    %usr   %nice    %sys %iowait    %irq   %soft  %steal  %guest  %gnice   %idle
10:29:49 AM  all    8.58    0.00    0.25    0.04    0.00    0.04    0.00    0.00    0.00   91.09
10:29:49 AM    0    0.00    0.00    1.96    0.00    0.00    0.00    0.00    0.00    0.00   98.04
10:29:49 AM    1    0.50    0.00    0.00    0.00    0.00    0.00    0.00    0.00    0.00   99.50
10:29:49 AM    2    1.00    0.00    0.50    0.00    0.00    0.00    0.00    0.00    0.00   98.50
10:29:49 AM    3    0.50    0.00    0.00    0.00    0.00    0.00    0.00    0.00    0.00   99.50
10:29:49 AM    4   99.00    0.00    0.00    0.00    0.00    0.00    0.00    0.00    0.00    1.00
10:29:49 AM    5    0.00    0.00    0.00    0.50    0.00    0.00    0.00    0.00    0.00   99.50
10:29:49 AM    6    0.51    0.00    0.51    0.00    0.00    0.00    0.00    0.00    0.00   98.99
10:29:49 AM    7    0.50    0.00    0.00    0.00    0.00    0.00    0.00    0.00    0.00   99.50
10:29:49 AM    8    0.50    0.00    0.00    0.00    0.00    0.00    0.00    0.00    0.00   99.50
10:29:49 AM    9    0.00    0.00    0.00    0.00    0.00    0.00    0.00    0.00    0.00  100.00
10:29:49 AM   10    0.50    0.00    0.00    0.00    0.00    0.50    0.00    0.00    0.00   99.00
10:29:49 AM   11    0.00    0.00    0.00    0.00    0.00    0.00    0.00    0.00    0.00  100.00

10:29:49 AM  CPU    %usr   %nice    %sys %iowait    %irq   %soft  %steal  %guest  %gnice   %idle
10:29:51 AM  all    8.39    0.00    0.17    0.00    0.00    0.00    0.00    0.00    0.00   91.44
10:29:51 AM    0    0.00    0.00    0.00    0.00    0.00    0.00    0.00    0.00    0.00  100.00
10:29:51 AM    1    0.50    0.00    0.00    0.00    0.00    0.00    0.00    0.00    0.00   99.50
10:29:51 AM    2    0.00    0.00    0.50    0.00    0.00    0.00    0.00    0.00    0.00   99.50
10:29:51 AM    3    0.00    0.00    0.50    0.00    0.00    0.00    0.00    0.00    0.00   99.50
10:29:51 AM    4  100.00    0.00    0.00    0.00    0.00    0.00    0.00    0.00    0.00    0.00
10:29:51 AM    5    0.00    0.00    0.00    0.00    0.00    0.00    0.00    0.00    0.00  100.00
10:29:51 AM    6    0.00    0.00    0.51    0.00    0.00    0.00    0.00    0.00    0.00   99.49
10:29:51 AM    7    0.00    0.00    0.50    0.00    0.00    0.00    0.00    0.00    0.00   99.50
10:29:51 AM    8    0.00    0.00    0.00    0.00    0.00    0.00    0.00    0.00    0.00  100.00
10:29:51 AM    9    0.00    0.00    0.00    0.00    0.00    0.00    0.00    0.00    0.00  100.00
10:29:51 AM   10    0.00    0.00    0.00    0.00    0.00    0.00    0.00    0.00    0.00  100.00
10:29:51 AM   11    0.00    0.00    0.00    0.00    0.00    0.00    0.00    0.00    0.00  100.00

10:29:51 AM  CPU    %usr   %nice    %sys %iowait    %irq   %soft  %steal  %guest  %gnice   %idle
10:29:53 AM  all    8.48    0.00    0.13    0.00    0.00    0.00    0.00    0.00    0.00   91.39
10:29:53 AM    0    0.50    0.00    0.50    0.00    0.00    0.00    0.00    0.00    0.00   99.00
10:29:53 AM    1    0.00    0.00    0.00    0.00    0.00    0.00    0.00    0.00    0.00  100.00
10:29:53 AM    2    0.50    0.00    0.00    0.00    0.00    0.00    0.00    0.00    0.00   99.50
10:29:53 AM    3    0.00    0.00    0.00    0.00    0.00    0.00    0.00    0.00    0.00  100.00
10:29:53 AM    4  100.00    0.00    0.00    0.00    0.00    0.00    0.00    0.00    0.00    0.00
10:29:53 AM    5    0.00    0.00    0.00    0.00    0.00    0.00    0.00    0.00    0.00  100.00
10:29:53 AM    6    0.51    0.00    0.51    0.00    0.00    0.00    0.00    0.00    0.00   98.99
10:29:53 AM    7    0.00    0.00    0.50    0.00    0.00    0.00    0.00    0.00    0.00   99.50
10:29:53 AM    8    0.00    0.00    0.00    0.00    0.00    0.00    0.00    0.00    0.00  100.00
10:29:53 AM    9    0.50    0.00    0.00    0.00    0.00    0.00    0.00    0.00    0.00   99.50
10:29:53 AM   10    0.00    0.00    0.00    0.00    0.00    0.00    0.00    0.00    0.00  100.00
10:29:53 AM   11    0.00    0.00    0.00    0.00    0.00    0.00    0.00    0.00    0.00  100.00

10:29:53 AM  CPU    %usr   %nice    %sys %iowait    %irq   %soft  %steal  %guest  %gnice   %idle
10:29:55 AM  all    8.46    0.00    0.17    0.08    0.00    0.00    0.00    0.00    0.00   91.29
10:29:55 AM    0    0.00    0.00    0.00    0.00    0.00    0.00    0.00    0.00    0.00  100.00
10:29:55 AM    1    0.50    0.00    0.00    0.00    0.00    0.00    0.00    0.00    0.00   99.50
10:29:55 AM    2    0.00    0.00    0.50    0.00    0.00    0.00    0.00    0.00    0.00   99.50
10:29:55 AM    3    0.50    0.00    0.00    0.00    0.00    0.00    0.00    0.00    0.00   99.50
10:29:55 AM    4   96.52    0.00    0.00    0.00    0.00    0.00    0.00    0.00    0.00    3.48
10:29:55 AM    5    0.00    0.00    0.00    0.00    0.00    0.00    0.00    0.00    0.00  100.00
10:29:55 AM    6    0.50    0.00    0.00    0.50    0.00    0.00    0.00    0.00    0.00   98.99
10:29:55 AM    7    0.00    0.00    1.00    0.00    0.00    0.00    0.00    0.00    0.00   99.00
10:29:55 AM    8    0.00    0.00    0.00    0.50    0.00    0.00    0.00    0.00    0.00   99.50
10:29:55 AM    9    0.00    0.00    0.00    0.00    0.00    0.00    0.00    0.00    0.00  100.00
10:29:55 AM   10    3.02    0.00    0.00    0.00    0.00    0.00    0.00    0.00    0.00   96.98
10:29:55 AM   11    0.00    0.00    0.50    0.00    0.00    0.00    0.00    0.00    0.00   99.50

10:29:55 AM  CPU    %usr   %nice    %sys %iowait    %irq   %soft  %steal  %guest  %gnice   %idle
10:29:57 AM  all    8.46    0.00    0.17    0.00    0.00    0.00    0.00    0.00    0.00   91.37
10:29:57 AM    0    0.50    0.00    0.00    0.00    0.00    0.00    0.00    0.00    0.00   99.50
10:29:57 AM    1    0.00    0.00    0.00    0.00    0.00    0.00    0.00    0.00    0.00  100.00
10:29:57 AM    2    0.50    0.00    0.00    0.00    0.00    0.00    0.00    0.00    0.00   99.50
10:29:57 AM    3    0.00    0.00    0.00    0.00    0.00    0.00    0.00    0.00    0.00  100.00
10:29:57 AM    4  100.00    0.00    0.00    0.00    0.00    0.00    0.00    0.00    0.00    0.00
10:29:57 AM    5    0.50    0.00    0.50    0.00    0.00    0.00    0.00    0.00    0.00   99.01
10:29:57 AM    6    0.00    0.00    0.51    0.00    0.00    0.00    0.00    0.00    0.00   99.49
10:29:57 AM    7    0.00    0.00    0.00    0.00    0.00    0.00    0.00    0.00    0.00  100.00
10:29:57 AM    8    0.00    0.00    0.00    0.00    0.00    0.00    0.00    0.00    0.00  100.00
10:29:57 AM    9    0.00    0.00    0.50    0.00    0.00    0.00    0.00    0.00    0.00   99.50
10:29:57 AM   10    0.00    0.00    0.50    0.00    0.00    0.00    0.00    0.00    0.00   99.50
10:29:57 AM   11    0.00    0.00    0.00    0.00    0.00    0.00    0.00    0.00    0.00  100.00

10:29:57 AM  CPU    %usr   %nice    %sys %iowait    %irq   %soft  %steal  %guest  %gnice   %idle
10:29:59 AM  all    8.48    0.00    0.04    0.00    0.00    0.00    0.00    0.00    0.00   91.48
10:29:59 AM    0    0.50    0.00    0.50    0.00    0.00    0.00    0.00    0.00    0.00   99.00
10:29:59 AM    1    0.50    0.00    0.00    0.00    0.00    0.00    0.00    0.00    0.00   99.50
10:29:59 AM    2    0.50    0.00    0.00    0.00    0.00    0.00    0.00    0.00    0.00   99.50
10:29:59 AM    3    0.00    0.00    0.00    0.00    0.00    0.00    0.00    0.00    0.00  100.00
10:29:59 AM    4  100.00    0.00    0.00    0.00    0.00    0.00    0.00    0.00    0.00    0.00
10:29:59 AM    5    0.00    0.00    0.00    0.00    0.00    0.00    0.00    0.00    0.00  100.00
10:29:59 AM    6    0.51    0.00    0.00    0.00    0.00    0.00    0.00    0.00    0.00   99.49
10:29:59 AM    7    0.00    0.00    0.00    0.00    0.00    0.00    0.00    0.00    0.00  100.00
10:29:59 AM    8    0.00    0.00    0.00    0.00    0.00    0.00    0.00    0.00    0.00  100.00
10:29:59 AM    9    0.00    0.00    0.00    0.00    0.00    0.00    0.00    0.00    0.00  100.00
10:29:59 AM   10    0.00    0.00    0.00    0.00    0.00    0.00    0.00    0.00    0.00  100.00
10:29:59 AM   11    0.00    0.00    0.00    0.00    0.00    0.00    0.00    0.00    0.00  100.00

10:29:59 AM  CPU    %usr   %nice    %sys %iowait    %irq   %soft  %steal  %guest  %gnice   %idle
10:30:01 AM  all    8.57    0.00    0.04    0.00    0.00    0.00    0.00    0.00    0.00   91.39
10:30:01 AM    0   36.68    0.00    0.00    0.00    0.00    0.00    0.00    0.00    0.00   63.32
10:30:01 AM    1    0.50    0.00    0.00    0.00    0.00    0.00    0.00    0.00    0.00   99.50
10:30:01 AM    2    3.00    0.00    0.00    0.00    0.00    0.00    0.00    0.00    0.00   97.00
10:30:01 AM    3    0.50    0.00    0.00    0.00    0.00    0.00    0.00    0.00    0.00   99.50
10:30:01 AM    4   61.00    0.00    0.00    0.00    0.00    0.00    0.00    0.00    0.00   39.00
10:30:01 AM    5    0.00    0.00    0.00    0.00    0.00    0.00    0.00    0.00    0.00  100.00
10:30:01 AM    6    0.00    0.00    0.00    0.00    0.00    0.00    0.00    0.00    0.00  100.00
10:30:01 AM    7    0.50    0.00    0.00    0.00    0.00    0.00    0.00    0.00    0.00   99.50
10:30:01 AM    8    0.50    0.00    0.50    0.00    0.00    0.00    0.00    0.00    0.00   99.00
10:30:01 AM    9    0.00    0.00    0.00    0.00    0.00    0.00    0.00    0.00    0.00  100.00
10:30:01 AM   10    0.00    0.00    0.00    0.00    0.00    0.00    0.00    0.00    0.00  100.00
10:30:01 AM   11    0.00    0.00    0.00    0.00    0.00    0.00    0.00    0.00    0.00  100.00

10:30:01 AM  CPU    %usr   %nice    %sys %iowait    %irq   %soft  %steal  %guest  %gnice   %idle
10:30:03 AM  all    8.48    0.00    0.08    0.00    0.00    0.00    0.00    0.00    0.00   91.43
10:30:03 AM    0    0.50    0.00    0.00    0.00    0.00    0.00    0.00    0.00    0.00   99.50
10:30:03 AM    1    0.00    0.00    0.00    0.00    0.00    0.00    0.00    0.00    0.00  100.00
10:30:03 AM    2    0.00    0.00    0.50    0.00    0.00    0.00    0.00    0.00    0.00   99.50
10:30:03 AM    3    0.00    0.00    0.00    0.00    0.00    0.00    0.00    0.00    0.00  100.00
10:30:03 AM    4  100.00    0.00    0.00    0.00    0.00    0.00    0.00    0.00    0.00    0.00
10:30:03 AM    5    0.00    0.00    0.00    0.00    0.00    0.00    0.00    0.00    0.00  100.00
10:30:03 AM    6    0.50    0.00    0.50    0.00    0.00    0.00    0.00    0.00    0.00   98.99
10:30:03 AM    7    0.50    0.00    0.00    0.00    0.00    0.00    0.00    0.00    0.00   99.50
10:30:03 AM    8    0.00    0.00    0.00    0.00    0.00    0.00    0.00    0.00    0.00  100.00
10:30:03 AM    9    0.00    0.00    0.00    0.00    0.00    0.00    0.00    0.00    0.00  100.00
10:30:03 AM   10    0.00    0.00    0.00    0.00    0.00    0.00    0.00    0.00    0.00  100.00
10:30:03 AM   11    0.00    0.00    0.00    0.00    0.00    0.00    0.00    0.00    0.00  100.00

10:30:03 AM  CPU    %usr   %nice    %sys %iowait    %irq   %soft  %steal  %guest  %gnice   %idle
10:30:05 AM  all    8.55    0.00    0.13    0.00    0.00    0.00    0.00    0.00    0.00   91.32
10:30:05 AM    0    1.49    0.00    0.50    0.00    0.00    0.00    0.00    0.00    0.00   98.02
10:30:05 AM    1    0.00    0.00    0.50    0.00    0.00    0.00    0.00    0.00    0.00   99.50
10:30:05 AM    2    1.51    0.00    0.00    0.00    0.00    0.00    0.00    0.00    0.00   98.49
10:30:05 AM    3    0.00    0.00    0.50    0.00    0.00    0.00    0.00    0.00    0.00   99.50
10:30:05 AM    4   98.50    0.00    0.00    0.00    0.00    0.00    0.00    0.00    0.00    1.50
10:30:05 AM    5    0.50    0.00    0.00    0.00    0.00    0.00    0.00    0.00    0.00   99.50
10:30:05 AM    6    0.51    0.00    0.00    0.00    0.00    0.00    0.00    0.00    0.00   99.49
10:30:05 AM    7    0.00    0.00    0.00    0.00    0.00    0.00    0.00    0.00    0.00  100.00
10:30:05 AM    8    0.00    0.00    0.00    0.00    0.00    0.00    0.00    0.00    0.00  100.00
10:30:05 AM    9    0.00    0.00    0.00    0.00    0.00    0.00    0.00    0.00    0.00  100.00
10:30:05 AM   10    0.00    0.00    0.00    0.00    0.00    0.00    0.00    0.00    0.00  100.00
10:30:05 AM   11    0.00    0.00    0.00    0.00    0.00    0.00    0.00    0.00    0.00  100.00

10:30:05 AM  CPU    %usr   %nice    %sys %iowait    %irq   %soft  %steal  %guest  %gnice   %idle
10:30:07 AM  all    8.57    0.00    0.04    0.00    0.00    0.00    0.00    0.00    0.00   91.39
10:30:07 AM    0    0.50    0.00    0.00    0.00    0.00    0.00    0.00    0.00    0.00   99.50
10:30:07 AM    1    0.50    0.00    0.00    0.00    0.00    0.00    0.00    0.00    0.00   99.50
10:30:07 AM    2    0.50    0.00    0.00    0.00    0.00    0.00    0.00    0.00    0.00   99.50
10:30:07 AM    3    0.50    0.00    0.00    0.00    0.00    0.00    0.00    0.00    0.00   99.50
10:30:07 AM    4  100.00    0.00    0.00    0.00    0.00    0.00    0.00    0.00    0.00    0.00
10:30:07 AM    5    0.00    0.00    0.00    0.00    0.00    0.00    0.00    0.00    0.00  100.00
10:30:07 AM    6    0.00    0.00    0.00    0.00    0.00    0.00    0.00    0.00    0.00  100.00
10:30:07 AM    7    0.00    0.00    0.00    0.00    0.00    0.00    0.00    0.00    0.00  100.00
10:30:07 AM    8    0.50    0.00    0.00    0.00    0.00    0.00    0.00    0.00    0.00   99.50
10:30:07 AM    9    0.00    0.00    0.00    0.00    0.00    0.00    0.00    0.00    0.00  100.00
10:30:07 AM   10    0.00    0.00    0.00    0.00    0.00    0.00    0.00    0.00    0.00  100.00
10:30:07 AM   11    0.00    0.00    0.50    0.00    0.00    0.00    0.00    0.00    0.00   99.50
